# Blender 5.1.1
# www.blender.org
mtllib Computer.mtl
o cash_registar.001
v -0.773953 3.081693 -15.612555
v -0.807304 2.973974 -15.593274
v -0.728103 3.160950 -15.639059
v -0.818366 2.869415 -15.586879
v -0.586045 2.970563 -14.907292
v -0.546524 3.079718 -14.911890
v -0.599154 2.865527 -14.905767
v -0.492191 3.160950 -14.918211
v -0.606795 3.080325 -15.295828
v -0.644593 2.971611 -15.282946
v -0.554833 3.160950 -15.313535
v -0.657129 2.866722 -15.278675
v -1.346756 2.986998 -13.521605
v -1.328053 3.089233 -13.499566
v -1.352959 2.884258 -13.528916
v -1.302341 3.160950 -13.469267
v -1.050880 2.978541 -13.601717
v -1.024158 3.084337 -13.579056
v -1.059743 2.874619 -13.609234
v -0.987419 3.160950 -13.547901
v -0.807304 2.973974 -13.811195
v -0.773953 3.081693 -13.791915
v -0.818366 2.869415 -13.817589
v -0.728103 3.160950 -13.765409
v -0.644593 2.971611 -14.121522
v -0.606795 3.080325 -14.108642
v -0.657129 2.866722 -14.125794
v -0.554833 3.160950 -14.090933
v -0.546524 3.079718 -14.492579
v -0.586045 2.970563 -14.497176
v -0.492191 3.160950 -14.486258
v -0.599154 2.865527 -14.498702
v -5.314480 3.000463 -15.891050
v -5.430264 3.097028 -15.909643
v -5.276077 2.899603 -15.884883
v -5.589439 3.160950 -15.935204
v -5.430264 3.097028 -13.494827
v -5.314480 3.000463 -13.513419
v -5.589439 3.160950 -13.469267
v -5.276077 2.899603 -13.519586
v -1.302341 3.232056 -15.935203
v -0.987419 3.232056 -15.856567
v -0.728103 3.232056 -15.639059
v -0.492191 3.232056 -14.918211
v -0.554833 3.232056 -15.313535
v -1.302341 3.232056 -13.469267
v -0.987419 3.232056 -13.547901
v -0.728103 3.232056 -13.765409
v -0.554833 3.232056 -14.090933
v -0.492191 3.232056 -14.486258
v -5.589439 3.232056 -15.935204
v -5.589439 3.232056 -13.469267
v -1.374382 2.842740 -15.850308
v -1.081145 2.842740 -15.777087
v -0.839683 2.842740 -15.574555
v -0.620015 2.842740 -14.903339
v -0.678343 2.842740 -15.271445
v -1.374382 2.842740 -13.554161
v -1.081145 2.842740 -13.627382
v -0.839683 2.842740 -13.829912
v -0.678343 2.842740 -14.133024
v -0.620015 2.842740 -14.501128
v -5.060757 2.842740 -15.850308
v -5.060757 2.842740 -13.554162
v -1.047812 0.914571 -15.878105
v -1.081145 1.000000 -15.777087
v -0.778092 0.914571 -15.651872
v -0.839683 1.000000 -15.574555
v -0.597871 0.914571 -15.313288
v -0.678343 1.000000 -15.271445
v -1.365968 0.914571 -15.957548
v -1.374382 1.000000 -15.850308
v -0.534585 0.914571 -14.913902
v -0.620015 1.000000 -14.903339
v -0.597871 0.914571 -14.091180
v -0.678343 1.000000 -14.133024
v -0.778092 0.914571 -13.752598
v -0.839683 1.000000 -13.829912
v -1.047812 0.914571 -13.526363
v -1.081145 1.000000 -13.627382
v -0.534585 0.914571 -14.490566
v -0.620015 1.000000 -14.501128
v -1.365968 0.914571 -13.446920
v -1.374382 1.000000 -13.554161
v -5.146187 0.914571 -15.957550
v -5.060757 1.000000 -15.850308
v -5.146187 0.914571 -13.446920
v -5.060757 1.000000 -13.554162
v -0.597871 -1.000000 -15.313288
v -0.778092 -1.000000 -15.651872
v -1.047812 -1.000000 -15.878105
v -0.534585 -1.000000 -14.913902
v -1.365968 -1.000000 -15.957548
v -1.047812 -1.000000 -13.526363
v -0.778092 -1.000000 -13.752598
v -0.597871 -1.000000 -14.091180
v -1.365968 -1.000000 -13.446920
v -0.534585 -1.000000 -14.490566
v -5.146187 -1.000000 -15.957550
v -5.146187 -1.000000 -13.446920
v -4.351223 3.219109 -15.918337
v -2.951605 3.520986 -14.154671
v -2.870584 3.219109 -15.918337
v -4.241672 3.623439 -15.789069
v -4.320062 3.540906 -15.881572
v -4.293793 3.599267 -15.850572
v -2.951605 3.520986 -14.280324
v -2.980136 3.623439 -15.789069
v -2.901745 3.540906 -15.881572
v -2.928015 3.599267 -15.850572
v -4.413921 3.219109 -14.171255
v -4.484445 3.219109 -14.241779
v -4.463787 3.219109 -14.191912
v -4.355178 3.623439 -14.372600
v -4.283102 3.623439 -14.300525
v -4.334067 3.623439 -14.321634
v -4.447677 3.540906 -14.278820
v -4.376880 3.540906 -14.208025
v -4.426941 3.540906 -14.228759
v -4.416678 3.599267 -14.310524
v -4.345177 3.599267 -14.239021
v -4.395736 3.599267 -14.259966
v -2.737364 3.219109 -14.241779
v -2.807887 3.219109 -14.171255
v -2.758019 3.219109 -14.191912
v -2.938706 3.623439 -14.300525
v -2.866630 3.623439 -14.372600
v -2.887741 3.623439 -14.321634
v -2.844928 3.540906 -14.208025
v -2.774132 3.540906 -14.278820
v -2.794867 3.540906 -14.228759
v -2.876631 3.599267 -14.239021
v -2.805130 3.599267 -14.310524
v -2.826072 3.599267 -14.259966
v -2.891854 3.477572 -14.280324
v -2.891854 3.477572 -14.154671
v -2.914678 3.407333 -14.280324
v -2.914678 3.407333 -14.154671
v -2.988534 3.407333 -14.280324
v -2.988534 3.407333 -14.154671
v -3.011355 3.477572 -14.280324
v -3.011355 3.477572 -14.154671
v -2.951605 3.395329 -14.154671
v -2.951605 3.395329 -14.280324
v -2.891854 3.351924 -14.280324
v -2.891854 3.351924 -14.154671
v -2.914678 3.281676 -14.280324
v -2.914678 3.281676 -14.154671
v -2.988534 3.281676 -14.280324
v -2.988534 3.281676 -14.154671
v -3.011355 3.351924 -14.280324
v -3.011355 3.351924 -14.154671
v -3.077256 3.366311 -14.159338
v -3.077256 3.366311 -14.226948
v -3.045107 3.342951 -14.226948
v -3.045107 3.342951 -14.159338
v -3.057388 3.305160 -14.226948
v -3.057388 3.305160 -14.159338
v -3.097125 3.305160 -14.226948
v -3.097125 3.305160 -14.159338
v -3.109406 3.342951 -14.226948
v -3.109406 3.342951 -14.159338
v -3.201552 3.366311 -14.159338
v -3.201552 3.366311 -14.226948
v -3.169401 3.342951 -14.226948
v -3.169401 3.342951 -14.159338
v -3.181681 3.305160 -14.226948
v -3.181681 3.305160 -14.159338
v -3.221422 3.305160 -14.226948
v -3.221422 3.305160 -14.159338
v -3.233701 3.342951 -14.226948
v -3.233701 3.342951 -14.159338
v -3.327204 3.366311 -14.159338
v -3.327204 3.366311 -14.226948
v -3.295053 3.342951 -14.226948
v -3.295053 3.342951 -14.159338
v -3.307333 3.305160 -14.226948
v -3.307333 3.305160 -14.159338
v -3.347073 3.305160 -14.226948
v -3.347073 3.305160 -14.159338
v -3.359354 3.342951 -14.226948
v -3.359354 3.342951 -14.159338
v -3.327204 3.478890 -14.159338
v -3.327204 3.478890 -14.226948
v -3.295053 3.455531 -14.226948
v -3.295053 3.455531 -14.159338
v -3.307333 3.417731 -14.226948
v -3.307333 3.417731 -14.159338
v -3.347073 3.417731 -14.226948
v -3.347073 3.417731 -14.159338
v -3.359354 3.455531 -14.226948
v -3.359354 3.455531 -14.159338
v -3.201552 3.478890 -14.159338
v -3.201552 3.478890 -14.226948
v -3.169401 3.455531 -14.226948
v -3.169401 3.455531 -14.159338
v -3.181681 3.417731 -14.226948
v -3.181681 3.417731 -14.159338
v -3.221422 3.417731 -14.226948
v -3.221422 3.417731 -14.159338
v -3.233701 3.455531 -14.226948
v -3.233701 3.455531 -14.159338
v -3.075901 3.478890 -14.159338
v -3.075901 3.478890 -14.226948
v -3.043751 3.455531 -14.226948
v -3.043751 3.455531 -14.159338
v -3.056031 3.417731 -14.226948
v -3.056031 3.417731 -14.159338
v -3.095771 3.417731 -14.226948
v -3.095771 3.417731 -14.159338
v -3.108050 3.455531 -14.226948
v -3.108050 3.455531 -14.159338
v -4.264567 3.240057 -14.171255
v -4.247883 3.519958 -14.208025
v -3.557866 3.519958 -14.208025
v -3.541183 3.240057 -14.171255
v -4.226606 3.254743 -14.186965
v -4.211673 3.505264 -14.219872
v -3.594079 3.505264 -14.219872
v -3.579145 3.254743 -14.186965
v -4.226606 3.250338 -14.220504
v -4.211673 3.500859 -14.253416
v -3.594079 3.500859 -14.253416
v -3.579145 3.250338 -14.220504
v -4.167393 3.290693 -14.231453
v -4.155190 3.352376 -14.242470
v -3.650559 3.352376 -14.242470
v -3.638358 3.290693 -14.231453
v -4.167393 3.290693 -14.446138
v -4.155190 3.352376 -14.457152
v -3.650559 3.352376 -14.457152
v -3.638358 3.290693 -14.446138
v -3.917719 3.468574 -14.232656
v -3.917719 3.468574 -14.274638
v -3.910093 3.445098 -14.232656
v -3.910093 3.445098 -14.274638
v -3.885418 3.445098 -14.232656
v -3.885418 3.445098 -14.274638
v -3.877792 3.468574 -14.232656
v -3.877792 3.468574 -14.274638
v -3.897756 3.483078 -14.274638
v -3.897756 3.483078 -14.232656
v -4.125073 3.483078 -14.232656
v -4.125073 3.483078 -14.274638
v -4.105109 3.468574 -14.274638
v -4.105109 3.468574 -14.232656
v -4.112734 3.445098 -14.274638
v -4.112734 3.445098 -14.232656
v -4.137410 3.445098 -14.274638
v -4.137410 3.445098 -14.232656
v -4.145035 3.468574 -14.274638
v -4.145035 3.468574 -14.232656
v -4.047050 3.483078 -14.232656
v -4.047050 3.483078 -14.274638
v -4.027086 3.468574 -14.274638
v -4.027086 3.468574 -14.232656
v -4.034712 3.445098 -14.274638
v -4.034712 3.445098 -14.232656
v -4.059387 3.445098 -14.274638
v -4.059387 3.445098 -14.232656
v -4.067012 3.468574 -14.274638
v -4.067012 3.468574 -14.232656
v -3.969027 3.483078 -14.232656
v -3.969027 3.483078 -14.274638
v -3.949063 3.468574 -14.274638
v -3.949063 3.468574 -14.232656
v -3.956689 3.445098 -14.274638
v -3.956689 3.445098 -14.232656
v -3.981366 3.445098 -14.274638
v -3.981366 3.445098 -14.232656
v -3.988991 3.468574 -14.274638
v -3.988991 3.468574 -14.232656
v -3.819733 3.483078 -14.232656
v -3.819733 3.483078 -14.274638
v -3.799769 3.468574 -14.274638
v -3.799769 3.468574 -14.232656
v -3.807395 3.445098 -14.274638
v -3.807395 3.445098 -14.232656
v -3.832071 3.445098 -14.274638
v -3.832071 3.445098 -14.232656
v -3.839696 3.468574 -14.274638
v -3.839696 3.468574 -14.232656
v -3.741711 3.483078 -14.232656
v -3.741711 3.483078 -14.274638
v -3.721745 3.468574 -14.274638
v -3.721745 3.468574 -14.232656
v -3.729373 3.445098 -14.274638
v -3.729373 3.445098 -14.232656
v -3.754048 3.445098 -14.274638
v -3.754048 3.445098 -14.232656
v -3.761673 3.468574 -14.274638
v -3.761673 3.468574 -14.232656
v -3.996748 3.623439 -15.364619
v -3.225060 3.623439 -15.364619
v -4.022090 3.623439 -14.454066
v -4.053267 3.623439 -14.466983
v -4.066180 3.623439 -14.498158
v -3.168541 3.623439 -14.466983
v -3.199718 3.623439 -14.454066
v -3.155628 3.623439 -14.498158
v -3.996748 4.074758 -15.444128
v -3.225060 4.074758 -15.444128
v -4.022090 4.074758 -14.533581
v -4.053267 4.074758 -14.546492
v -4.066180 4.074758 -14.577666
v -3.168541 4.074758 -14.546492
v -3.199718 4.074758 -14.533581
v -3.155628 4.074758 -14.577670
v -4.172694 3.958036 -14.433918
v -4.127357 3.912699 -14.433918
v -4.159415 3.925977 -14.433918
v -4.127357 5.041200 -14.433918
v -4.172694 4.995862 -14.433918
v -4.159415 5.027915 -14.433918
v -3.044194 4.995862 -14.433918
v -3.089531 5.041200 -14.433918
v -3.057472 5.027915 -14.433918
v -3.089531 3.912699 -14.433918
v -3.044194 3.958036 -14.433918
v -3.057472 3.925977 -14.433918
v -4.143924 3.895767 -14.286178
v -4.189620 3.941464 -14.286178
v -4.219129 3.866261 -14.286178
v -4.176237 3.909152 -14.286178
v -4.127213 3.912699 -14.303104
v -4.172694 3.958181 -14.303104
v -4.159373 3.926020 -14.303104
v -4.172694 4.995718 -14.303104
v -4.127213 5.041200 -14.303104
v -4.159373 5.027878 -14.303104
v -4.189620 5.012424 -14.286178
v -4.143924 5.058122 -14.286178
v -4.219129 5.087629 -14.286178
v -4.176237 5.044737 -14.286178
v -3.072963 5.058122 -14.286178
v -3.027265 5.012424 -14.286178
v -2.997758 5.087629 -14.286178
v -3.040650 5.044737 -14.286178
v -3.089675 5.041200 -14.303104
v -3.044194 4.995718 -14.303104
v -3.057515 5.027878 -14.303104
v -3.044194 3.958181 -14.303104
v -3.089675 3.912699 -14.303104
v -3.057515 3.926020 -14.303104
v -3.027265 3.941464 -14.286178
v -3.072963 3.895767 -14.286178
v -2.997758 3.866261 -14.286178
v -3.040650 3.909152 -14.286178
v -4.201681 3.854031 -15.061439
v -4.231360 3.883708 -15.061439
v -4.212114 3.873274 -15.061439
v -4.231360 5.070181 -15.061439
v -4.201681 5.099858 -15.061439
v -4.212114 5.080615 -15.061439
v -2.985528 3.883708 -15.061439
v -3.015204 3.854031 -15.061439
v -3.004773 3.873274 -15.061439
v -3.015206 5.099858 -15.061439
v -2.985528 5.070181 -15.061439
v -3.004773 5.080615 -15.061439
v -4.303579 3.811582 -14.314413
v -4.273807 3.781816 -14.314413
v -4.277939 3.837748 -14.286178
v -4.247642 3.807449 -14.286178
v -4.258694 3.826701 -14.286178
v -4.297200 3.818217 -14.294449
v -4.267170 3.788188 -14.294449
v -4.247642 5.146441 -14.286178
v -4.277939 5.116141 -14.286178
v -4.258694 5.127198 -14.286178
v -4.273807 5.172083 -14.314413
v -4.303579 5.142308 -14.314413
v -4.267169 5.165703 -14.294449
v -4.297200 5.135673 -14.294449
v -2.969245 3.807449 -14.286178
v -2.938947 3.837748 -14.286178
v -2.958195 3.826701 -14.286178
v -2.943079 3.781816 -14.314413
v -2.913309 3.811582 -14.314413
v -2.949718 3.788188 -14.294449
v -2.919688 3.818217 -14.294449
v -2.913309 5.142308 -14.314413
v -2.943079 5.172083 -14.314413
v -2.938947 5.116141 -14.286178
v -2.969245 5.146441 -14.286178
v -2.958195 5.127198 -14.286178
v -2.919688 5.135673 -14.294449
v -2.949718 5.165703 -14.294449
v -3.955485 4.964669 -15.061439
v -4.096170 4.823993 -15.061439
v -4.195004 5.063510 -15.061439
v -4.054964 4.923467 -15.061439
v -4.096170 4.129905 -15.061439
v -3.955485 3.989220 -15.061439
v -4.195005 3.890388 -15.061439
v -4.054964 4.030422 -15.061439
v -3.261402 3.989220 -15.061439
v -3.120718 4.129905 -15.061439
v -3.021883 3.890388 -15.061439
v -3.161924 4.030422 -15.061439
v -3.120718 4.823993 -15.061439
v -3.261402 4.964669 -15.061439
v -3.021883 5.063510 -15.061439
v -3.161924 4.923467 -15.061439
v -3.931180 4.731442 -15.709234
v -4.031919 4.759738 -15.619674
v -3.862939 4.799685 -15.709234
v -3.891234 4.900423 -15.619674
v -3.911193 4.779693 -15.709234
v -3.990711 4.859211 -15.619679
v -3.862938 4.154212 -15.709234
v -3.891234 4.053475 -15.619674
v -3.931180 4.222448 -15.709234
v -4.031919 4.194151 -15.619674
v -3.911193 4.174195 -15.709234
v -3.990711 4.094677 -15.619679
v -3.285706 4.222448 -15.709234
v -3.184969 4.194151 -15.619674
v -3.353949 4.154212 -15.709234
v -3.325654 4.053475 -15.619674
v -3.305694 4.174195 -15.709234
v -3.226174 4.094677 -15.619679
v -3.353948 4.799685 -15.709234
v -3.325654 4.900423 -15.619674
v -3.285706 4.731442 -15.709234
v -3.184969 4.759738 -15.619674
v -3.305695 4.779693 -15.709234
v -3.226174 4.859211 -15.619679
v -4.172694 4.476949 -14.303104
v -4.172694 4.476949 -14.391726
v -4.189620 4.476949 -14.286178
v -3.044194 4.476949 -14.391726
v -3.044194 4.476949 -14.303104
v -3.027265 4.476949 -14.286178
v -4.172694 4.736406 -14.398599
v -4.172694 4.736334 -14.303104
v -4.189620 4.744682 -14.286178
v -3.044194 4.736406 -14.398599
v -3.044194 4.736334 -14.303104
v -3.027265 4.744682 -14.286178
v -3.044194 4.217492 -14.398599
v -3.044194 4.217564 -14.303104
v -3.027265 4.209207 -14.286178
v -4.172694 4.217564 -14.303104
v -4.189620 4.209207 -14.286178
v -4.172694 4.217492 -14.398599
v -2.475465 3.269339 -15.958069
v -2.475465 3.309959 -15.958069
v -2.512566 3.322511 -15.968841
v -2.535497 3.289652 -15.975493
v -2.512566 3.256788 -15.968841
v -2.581089 3.309959 -15.594113
v -2.618191 3.256788 -15.604882
v -2.581089 3.269339 -15.594113
v -2.618191 3.322511 -15.604882
v -2.641121 3.289652 -15.611538
v -2.674908 3.324168 -15.419595
v -2.644538 3.270996 -15.395717
v -2.644538 3.311617 -15.395717
v -2.693677 3.291310 -15.434353
v -2.674908 3.258445 -15.419595
v -2.800065 3.241459 -15.299051
v -2.794447 3.254010 -15.260829
v -2.794447 3.294632 -15.260829
v -2.800065 3.307183 -15.299051
v -2.803538 3.274325 -15.322673
v -2.903449 3.257481 -15.279246
v -2.903449 3.270032 -15.240615
v -2.903449 3.310654 -15.240615
v -2.975565 3.341479 -15.279249
v -3.044673 3.341479 -15.279249
v -2.975565 3.328928 -15.240615
v -3.044673 3.328928 -15.240615
v -2.975565 3.288307 -15.240615
v -3.044673 3.288307 -15.240615
v -2.975565 3.275755 -15.279249
v -3.044673 3.275755 -15.279249
v -2.975565 3.308613 -15.303123
v -3.044673 3.308613 -15.303123
v -2.903449 3.290347 -15.303123
v -2.903449 3.323205 -15.279246
v -4.278084 3.244066 -13.606688
v -4.314581 3.244066 -13.643188
v -4.303891 3.244066 -13.617380
v -4.314581 3.244066 -14.071816
v -4.278084 3.244066 -14.108313
v -4.303891 3.244066 -14.097625
v -2.905935 3.244066 -13.643188
v -2.942432 3.244066 -13.606688
v -2.916625 3.244066 -13.617380
v -2.942432 3.244066 -14.108313
v -2.905935 3.244066 -14.071816
v -2.916625 3.244066 -14.097625
v -4.297615 3.330011 -13.646562
v -4.314581 3.313048 -13.643188
v -4.274709 3.330011 -13.623656
v -4.278084 3.313048 -13.606688
v -4.290905 3.330011 -13.630363
v -4.303891 3.313048 -13.617380
v -4.274709 3.330011 -14.091349
v -4.278084 3.313048 -14.108313
v -4.297615 3.330011 -14.068440
v -4.314581 3.313048 -14.071816
v -4.290905 3.330011 -14.084640
v -4.303891 3.313048 -14.097625
v -2.945807 3.330011 -13.623656
v -2.942432 3.313048 -13.606688
v -2.922901 3.330011 -13.646562
v -2.905935 3.313048 -13.643188
v -2.929609 3.330011 -13.630363
v -2.916625 3.313048 -13.617380
v -2.922901 3.330011 -14.068440
v -2.905935 3.313048 -14.071816
v -2.945807 3.330011 -14.091349
v -2.942432 3.313048 -14.108313
v -2.929609 3.330011 -14.084640
v -2.916625 3.313048 -14.097625
v -3.469166 3.320180 -14.161782
v -3.502256 3.295992 -14.168827
v -3.499063 3.312013 -14.196812
v -3.499063 3.312013 -14.267569
v -3.465416 3.336457 -14.196812
v -3.465416 3.336457 -14.267569
v -3.478268 3.376009 -14.196812
v -3.478268 3.376009 -14.267569
v -3.519858 3.376009 -14.196812
v -3.519858 3.376009 -14.267569
v -3.532711 3.336457 -14.196812
v -3.532711 3.336457 -14.267569
v -3.482787 3.356630 -14.147096
v -3.524294 3.354965 -14.145063
v -3.536328 3.317488 -14.158492
v -3.534527 3.287755 -14.134459
v -3.500456 3.269792 -14.150147
v -3.522495 3.320301 -14.111528
v -3.480988 3.322448 -14.113046
v -3.467367 3.291232 -14.136912
v -3.531597 3.276881 -14.094486
v -3.497526 3.253479 -14.099103
v -3.519564 3.316525 -14.090876
v -3.478057 3.317631 -14.093264
v -3.464437 3.278660 -14.098351
v -2.350436 3.240694 -14.033577
v -2.350436 3.343752 -14.033577
v -2.256235 3.236048 -13.713874
v -2.256235 3.348506 -13.713874
v -2.525132 3.240694 -13.986766
v -2.525132 3.343752 -13.986766
v -2.446861 3.236048 -13.662794
v -2.446861 3.348506 -13.662794
v -2.351549 3.236048 -13.688333
v -2.346681 3.357934 -13.670171
v -2.437785 3.240694 -14.010172
v -2.445695 3.352862 -14.039699
v -2.300392 3.236048 -13.878668
v -2.289886 3.357934 -13.881484
v -2.491018 3.236048 -13.827588
v -2.501523 3.357934 -13.824772
v -2.395704 3.384764 -13.853127
v -2.395704 3.236048 -13.853127
v -2.348720 3.290042 -14.065683
v -2.240862 3.289893 -13.698524
v -2.452499 3.289893 -13.641813
v -2.542672 3.290042 -14.013714
v -2.462622 3.287612 -14.102868
v -2.336267 3.287245 -13.631307
v -2.524001 3.287245 -13.818751
v -2.267409 3.287245 -13.887505
v -2.429931 3.327837 -13.953329
v -2.415336 3.327859 -13.957230
v -2.420589 3.339008 -13.918314
v -2.405993 3.339029 -13.922214
v -2.426505 3.384877 -13.940217
v -2.431823 3.378517 -13.960149
v -2.417227 3.378537 -13.964046
v -2.411910 3.384899 -13.944115
v -2.420524 3.363585 -13.917946
v -2.423754 3.381244 -13.929943
v -2.409158 3.381265 -13.933841
v -2.405929 3.363607 -13.921846
v -2.433552 3.369529 -13.966664
v -2.433609 3.347939 -13.966989
v -2.419014 3.347960 -13.970888
v -2.418957 3.369550 -13.970567
v -2.655123 3.253168 -14.367659
v -2.656514 3.233774 -14.366685
v -2.674150 3.229347 -14.359735
v -2.683661 3.246006 -14.356411
v -2.671902 3.260725 -14.361309
v -2.696113 3.252651 -14.449304
v -2.711501 3.279601 -14.443926
v -2.694723 3.272044 -14.450274
v -2.713750 3.248224 -14.442354
v -2.723260 3.264876 -14.439028
v -2.773607 3.244844 -14.516584
v -2.758343 3.268637 -14.530483
v -2.759733 3.249243 -14.529510
v -2.780792 3.261526 -14.509563
v -2.771358 3.276231 -14.518155
v -2.835493 3.286345 -14.570936
v -2.834872 3.279354 -14.589093
v -2.836263 3.259961 -14.588120
v -2.837742 3.254966 -14.569363
v -2.837267 3.271271 -14.558743
v -2.886108 3.282024 -14.575772
v -2.888180 3.275224 -14.593896
v -2.889569 3.255830 -14.592922
v -2.923318 3.244526 -14.570811
v -2.956222 3.247026 -14.567989
v -2.924531 3.249718 -14.589535
v -2.957436 3.252218 -14.586713
v -2.923141 3.269112 -14.590510
v -2.956045 3.271612 -14.587687
v -2.921069 3.275912 -14.572388
v -2.953973 3.278405 -14.569563
v -2.921179 3.260718 -14.560214
v -2.954082 3.263219 -14.557390
v -2.886217 3.266831 -14.563597
v -2.888356 3.250646 -14.574197
v -2.587260 3.255639 -14.290408
v -2.587661 3.236246 -14.288761
v -2.596315 3.231819 -14.271893
v -2.601262 3.248478 -14.263117
v -2.595666 3.263196 -14.274562
v -2.546108 3.260853 -14.277225
v -2.545187 3.241459 -14.275801
v -2.538882 3.237032 -14.257920
v -2.535909 3.253691 -14.248296
v -2.540374 3.268411 -14.260226
v -2.487722 3.262949 -14.306327
v -2.486236 3.243556 -14.305509
v -2.472226 3.239129 -14.292737
v -2.465054 3.255789 -14.285662
v -2.474631 3.270507 -14.294063
v -2.447562 3.265825 -14.404672
v -2.445904 3.246432 -14.404306
v -2.428848 3.242004 -14.396033
v -2.419964 3.258664 -14.391285
v -2.431530 3.273382 -14.396624
v -2.470638 3.267971 -14.487420
v -2.469141 3.248578 -14.488217
v -2.450794 3.244151 -14.492990
v -2.440953 3.260810 -14.495142
v -2.453217 3.275528 -14.491698
v -2.513977 3.269961 -14.510718
v -2.513756 3.250568 -14.512400
v -2.506978 3.246141 -14.530104
v -2.503009 3.262801 -14.539362
v -2.507334 3.277519 -14.527383
v -2.545266 3.272306 -14.497363
v -2.546525 3.252913 -14.498503
v -2.557237 3.248486 -14.514143
v -2.562599 3.265145 -14.522671
v -2.555200 3.279863 -14.512301
v -2.567769 3.273326 -14.474984
v -2.569410 3.253933 -14.475416
v -2.586124 3.249506 -14.484359
v -2.594814 3.266165 -14.489460
v -2.583470 3.280883 -14.483665
v -2.566811 3.274722 -14.422596
v -2.568462 3.255328 -14.422201
v -2.587420 3.250901 -14.422223
v -2.597485 3.267560 -14.422630
v -2.584749 3.282279 -14.422861
v -2.532859 3.276428 -14.347902
v -2.534080 3.257035 -14.346728
v -2.550416 3.252608 -14.337110
v -2.559292 3.269267 -14.332341
v -2.548441 3.283985 -14.339014
v -2.474340 3.279850 -14.201794
v -2.475860 3.260456 -14.201040
v -2.494333 3.256029 -14.196780
v -2.504230 3.272688 -14.194905
v -2.491875 3.287408 -14.198006
v -2.408352 3.285211 -13.950691
v -2.409871 3.265818 -13.949937
v -2.428344 3.261391 -13.945679
v -2.438241 3.278051 -13.943803
v -2.425886 3.292769 -13.946901
v -1.059743 2.874619 -15.795235
v -0.987419 3.160950 -15.856567
v -1.050880 2.978541 -15.802751
v -1.024158 3.084337 -15.825412
v -1.352959 2.884258 -15.875553
v -1.302341 3.160950 -15.935203
v -1.346756 2.986998 -15.882862
v -1.328053 3.089233 -15.904902
v -1.536380 0.605761 -13.497485
v -1.536380 3.186396 -13.497485
v -1.916146 0.605761 -13.497485
v -1.916146 3.186396 -13.497485
v -1.536380 0.605761 -15.906984
v -1.536380 3.186396 -15.906984
v -1.916146 0.605761 -15.906984
v -1.916146 3.186396 -15.906984
v -1.626440 1.896078 -13.497485
v -1.826086 1.896078 -13.497485
v -1.826086 1.896078 -15.906984
v -1.626440 1.896078 -15.906984
v -2.536380 0.605761 -13.497485
v -2.536380 3.186396 -13.497485
v -2.916146 0.605761 -13.497485
v -2.916146 3.186396 -13.497485
v -2.536380 0.605761 -15.906985
v -2.536380 3.186396 -15.906985
v -2.916147 0.605761 -15.906985
v -2.916147 3.186396 -15.906985
v -2.626440 1.896078 -13.497485
v -2.826086 1.896078 -13.497485
v -2.826086 1.896078 -15.906985
v -2.626440 1.896078 -15.906985
v -3.536380 0.605761 -13.497485
v -3.536380 3.186396 -13.497485
v -3.916146 0.605761 -13.497485
v -3.916146 3.186396 -13.497485
v -3.536380 0.605761 -15.906985
v -3.536380 3.186396 -15.906985
v -3.916146 0.605761 -15.906985
v -3.916146 3.186396 -15.906985
v -3.626440 1.896078 -13.497485
v -3.826086 1.896078 -13.497485
v -3.826086 1.896078 -15.906985
v -3.626440 1.896078 -15.906985
v -4.536380 0.605761 -13.497485
v -4.536380 3.186396 -13.497485
v -4.916147 0.605761 -13.497485
v -4.916147 3.186396 -13.497485
v -4.536380 0.605761 -15.906985
v -4.536380 3.186396 -15.906985
v -4.916147 0.605761 -15.906985
v -4.916147 3.186396 -15.906985
v -4.626440 1.896078 -13.497485
v -4.826086 1.896078 -13.497485
v -4.826086 1.896078 -15.906985
v -4.626440 1.896078 -15.906985
v -1.428553 3.476723 -14.889435
v -1.676915 3.147738 -14.958099
v -1.293611 3.375329 -14.891730
v -1.541973 3.046345 -14.960397
v -1.237785 3.366383 -15.050789
v -1.486148 3.037399 -15.119453
v -1.338227 3.462248 -15.146793
v -1.586588 3.133263 -15.215459
v -1.456127 3.530441 -15.047071
v -1.704489 3.201457 -15.115737
v -1.166373 3.686599 -14.954160
v -2.080830 3.888981 -14.718059
v -1.805811 3.189979 -15.149423
v -1.981657 3.616952 -14.992726
v -1.638484 3.222685 -15.050769
v -1.814330 3.649658 -14.894073
v -1.658938 3.147820 -14.869722
v -1.834784 3.574794 -14.713027
v -1.838906 3.068844 -14.856485
v -2.014752 3.495817 -14.699790
v -1.929678 3.094899 -15.029349
v -2.105525 3.521873 -14.872654
v -1.902581 3.982874 -14.949485
v -1.902581 3.142020 -14.949485
v -1.583895 3.982874 -14.831964
v -1.583895 3.142020 -14.831964
v -1.373646 3.982874 -15.098735
v -1.373646 3.142020 -15.098735
v -1.562390 3.982874 -15.381129
v -1.562390 3.142020 -15.381129
v -1.889289 3.982874 -15.288889
v -1.889289 3.142020 -15.288889
v -1.662361 4.607471 -15.110040
vn 0.0002 -0.3806 0.9247
vn 0.2592 -0.0879 -0.9618
vn 0.2434 -0.2543 -0.9360
vn 0.2177 -0.4504 -0.8659
vn 0.6473 -0.1122 -0.7539
vn 0.6142 -0.3149 -0.7235
vn 0.5458 -0.5295 -0.6494
vn 0.8788 -0.1225 -0.4612
vn 0.8318 -0.3388 -0.4396
vn 0.7335 -0.5566 -0.3900
vn 0.9804 -0.1240 -0.1530
vn 0.9286 -0.3412 -0.1460
vn 0.8199 -0.5577 -0.1297
vn 0.2592 -0.0879 0.9618
vn 0.2434 -0.2543 0.9360
vn 0.2177 -0.4504 0.8659
vn 0.6473 -0.1122 0.7539
vn 0.6143 -0.3149 0.7235
vn 0.5458 -0.5294 0.6494
vn 0.8788 -0.1225 0.4612
vn 0.8318 -0.3388 0.4396
vn 0.7335 -0.5566 0.3900
vn 0.9804 -0.1240 0.1530
vn 0.9286 -0.3412 0.1460
vn 0.8199 -0.5577 0.1297
vn -0.9346 -0.3558 -0.0000
vn -0.6405 -0.7680 -0.0000
vn -0.3727 -0.9280 -0.0000
vn -0.0000 1.0000 -0.0000
vn 0.9877 -0.0000 -0.1565
vn -1.0000 -0.0000 -0.0000
vn -0.0000 -0.0000 -1.0000
vn 0.6426 -0.0000 0.7662
vn 0.2423 -0.0000 -0.9702
vn 0.2423 -0.0000 0.9702
vn -0.0000 -0.0000 1.0000
vn 0.8827 -0.0000 -0.4699
vn 0.9877 -0.0000 0.1565
vn 1.0000 -0.0000 -0.0000
vn 0.6426 -0.0000 -0.7662
vn 0.8827 -0.0000 0.4699
vn -0.0000 0.7822 -0.6231
vn 0.7071 0.7071 -0.0000
vn -0.0000 0.7822 0.6231
vn 0.1519 0.7789 -0.6085
vn 0.4203 0.7565 -0.5011
vn 0.6053 0.7279 -0.3222
vn 0.6959 0.7096 -0.1103
vn 0.1519 0.7789 0.6085
vn 0.4203 0.7565 0.5011
vn 0.6053 0.7279 0.3222
vn 0.6959 0.7096 0.1103
vn -0.7071 0.7071 -0.0000
vn -0.0000 -1.0000 -0.0000
vn -0.0000 0.9307 -0.3658
vn -0.0000 0.4691 -0.8831
vn 0.5878 0.8090 -0.0000
vn -0.0000 0.1135 -0.9935
vn -0.1100 0.9578 0.2655
vn -0.2655 0.9578 0.1100
vn -0.3137 0.5727 0.7574
vn -0.7574 0.5727 0.3137
vn -0.9137 0.1480 0.3785
vn -0.3785 0.1480 0.9137
vn -0.9914 0.1046 -0.0789
vn 0.9511 -0.3090 -0.0000
vn -0.3914 0.9197 -0.0313
vn -0.8956 0.4390 -0.0714
vn 0.1100 0.9578 0.2655
vn 0.2655 0.9578 0.1100
vn 0.3137 0.5727 0.7574
vn 0.7574 0.5727 0.3137
vn 0.9137 0.1480 0.3785
vn 0.3785 0.1480 0.9137
vn 0.9914 0.1046 -0.0789
vn -0.0000 0.1213 0.9926
vn 0.3915 0.9197 -0.0313
vn -0.0000 0.9307 0.3658
vn -0.0000 0.4691 0.8832
vn 0.8956 0.4390 -0.0714
vn -0.9511 -0.3090 -0.0000
vn -0.5878 0.8090 -0.0000
vn 0.5877 0.8091 -0.0000
vn -0.5877 0.8091 -0.0000
vn 0.9510 -0.3091 -0.0000
vn -0.9510 -0.3091 -0.0000
vn 0.9510 -0.3090 -0.0000
vn -0.0000 -0.6277 0.7785
vn -0.9983 -0.0585 0.0077
vn -0.3465 0.1019 0.9325
vn -0.0000 0.7305 0.6829
vn 0.3465 0.1018 0.9325
vn -0.0000 0.2619 0.9651
vn -0.0000 0.9915 -0.1302
vn 0.9983 -0.0585 0.0077
vn -0.0000 -0.9915 0.1302
vn 0.1198 0.1281 0.9845
vn -0.0000 0.0735 0.9973
vn -0.1198 0.1281 0.9845
vn -0.0000 0.1758 0.9844
vn -0.9810 -0.1940 -0.0000
vn 0.9810 -0.1941 -0.0000
vn -0.9511 -0.3089 -0.0000
vn 0.9511 -0.3089 -0.0000
vn -0.3777 0.1607 0.9119
vn 0.9967 -0.0141 -0.0799
vn 0.3777 0.1607 0.9119
vn -0.9218 0.0673 0.3818
vn -0.0000 -0.1735 -0.9848
vn -0.0000 0.1735 0.9848
vn 0.9218 0.0673 0.3818
vn -0.9967 -0.0141 -0.0799
vn -0.0000 -0.0001 1.0000
vn 0.2331 0.5628 0.7931
vn 0.5628 0.2331 0.7930
vn 0.2332 -0.5629 0.7930
vn 0.5629 -0.2331 0.7930
vn -0.2332 -0.5629 0.7929
vn -0.5628 -0.2331 0.7930
vn -0.2331 0.5628 0.7931
vn -0.5628 0.2331 0.7931
vn 0.9239 0.3827 -0.0004
vn 0.3827 0.9239 -0.0004
vn -0.9239 0.3827 -0.0004
vn -0.3827 0.9239 -0.0004
vn 0.3828 -0.9238 -0.0004
vn 0.9239 -0.3827 -0.0004
vn -0.9239 -0.3827 -0.0004
vn -0.3828 -0.9238 -0.0004
vn -0.0000 -0.1155 0.9933
vn -0.0000 0.7070 0.7072
vn 0.7071 -0.0000 0.7071
vn -0.0000 -0.7072 0.7070
vn -0.7071 -0.0000 0.7071
vn -0.0000 -0.0002 -1.0000
vn -0.0000 0.0001 -1.0000
vn -0.0000 -0.0001 -1.0000
vn -0.0000 0.0001 1.0000
vn -0.2041 -0.2042 0.9574
vn -0.2042 0.2042 0.9574
vn -0.6422 -0.6422 0.4186
vn -0.6422 0.6421 0.4187
vn 0.2042 0.2041 0.9574
vn 0.2042 -0.2041 0.9574
vn 0.6422 0.6421 0.4187
vn 0.6421 -0.6422 0.4186
vn -0.7006 -0.7006 -0.1354
vn 0.7006 -0.7006 -0.1354
vn -0.7006 0.7006 -0.1354
vn 0.7006 0.7006 -0.1354
vn -0.9954 -0.0000 -0.0962
vn -0.0000 -0.9954 -0.0962
vn -0.0000 0.9954 -0.0962
vn 0.9954 -0.0000 -0.0962
vn -0.0000 -0.9526 0.3041
vn -0.9526 -0.0000 0.3044
vn -0.0000 -0.3946 0.9188
vn -0.3946 -0.0000 0.9189
vn -0.0000 0.3946 0.9188
vn -0.0000 0.9525 0.3044
vn 0.3946 -0.0000 0.9188
vn 0.9526 -0.0000 0.3044
vn -0.2499 0.6032 -0.7574
vn -0.6032 0.2498 -0.7574
vn -0.2498 -0.6032 -0.7574
vn -0.6032 -0.2498 -0.7574
vn 0.2498 -0.6032 -0.7574
vn 0.6032 -0.2498 -0.7574
vn 0.2499 0.6032 -0.7574
vn 0.6032 0.2498 -0.7574
vn -0.0000 0.6644 -0.7474
vn -0.6644 -0.0000 -0.7474
vn -0.0000 -0.6644 -0.7473
vn 0.6644 -0.0000 -0.7473
vn -0.9136 0.3784 -0.1487
vn -0.9934 -0.0000 -0.1143
vn -0.0000 0.9934 -0.1143
vn -0.3784 0.9136 -0.1487
vn -0.3784 -0.9136 -0.1487
vn -0.0000 -0.9934 -0.1143
vn -0.9136 -0.3784 -0.1487
vn 0.9136 -0.3784 -0.1487
vn 0.9934 -0.0000 -0.1143
vn 0.3784 -0.9136 -0.1487
vn 0.3784 0.9136 -0.1487
vn 0.9136 0.3784 -0.1487
vn -0.0000 0.0265 0.9996
vn -0.0000 0.1155 0.9933
vn -0.0000 -0.0265 0.9996
vn 0.9604 -0.0000 0.2787
vn -0.7770 -0.5878 -0.2255
vn 0.2788 -0.0000 -0.9604
vn 0.3073 0.9475 0.0881
vn 0.9525 -0.0000 0.3046
vn 0.2968 0.9511 0.0861
vn -0.7820 0.5747 -0.2410
vn -0.7769 0.5878 -0.2255
vn 0.1545 0.9439 0.2920
vn -0.5440 -0.5527 -0.6314
vn 0.3003 -0.9483 0.1022
vn 0.6689 -0.0000 0.7434
vn -0.7856 -0.5738 -0.2316
vn 0.1823 -0.0000 0.9832
vn -0.6300 0.5395 -0.5586
vn -0.0000 0.5877 -0.8091
vn -0.2420 -0.5767 -0.7803
vn -0.0000 0.9511 0.3090
vn -0.0833 -0.9455 0.3149
vn -0.1473 -0.5814 -0.8002
vn -0.2343 -0.9246 0.3004
vn 0.3022 -0.9317 0.2015
vn -0.0000 -0.9511 0.3090
vn 0.2343 0.9246 0.3004
vn -0.0000 -0.5878 -0.8090
vn 0.1473 0.5814 -0.8002
vn 0.1962 0.9362 0.2915
vn -0.0638 0.5868 -0.8072
vn 0.2967 -0.9511 0.0861
vn -0.2706 0.7071 0.6533
vn -0.6533 0.7071 0.2706
vn -0.2705 0.7071 -0.6533
vn -0.6532 0.7072 -0.2705
vn 0.6533 0.7072 -0.2706
vn 0.2706 0.7071 -0.6533
vn 0.2706 0.7071 0.6533
vn 0.6533 0.7071 0.2706
vn -0.7071 0.7072 -0.0000
vn -0.0000 0.7072 0.7070
vn -0.0000 0.7071 -0.7071
vn -0.9239 -0.0000 0.3827
vn -0.3828 -0.0000 0.9238
vn -0.3826 -0.0000 -0.9239
vn -0.9239 -0.0000 -0.3827
vn 0.3828 -0.0000 0.9238
vn 0.9239 -0.0000 0.3827
vn 0.9239 -0.0000 -0.3827
vn 0.3826 -0.0000 -0.9239
vn 0.5483 -0.4959 -0.6734
vn -0.5503 -0.7138 -0.4332
vn 0.5878 -0.8090 -0.0000
vn -0.5522 -0.5281 -0.6451
vn -0.0096 0.9292 0.3694
vn 0.9510 0.3090 -0.0000
vn -0.9529 0.2606 0.1551
vn 0.9350 0.2849 0.2111
vn -0.9455 0.1861 0.2673
vn -0.9510 0.3090 -0.0000
vn 0.9421 0.2559 0.2166
vn -0.9529 0.2995 0.0479
vn -0.5877 -0.8090 -0.0000
vn 0.5798 -0.7492 -0.3202
vn -0.0016 0.7005 0.7137
vn 0.0600 -0.1085 0.9923
vn 0.5916 -0.7552 -0.2821
vn -0.0283 0.9769 0.2117
vn -0.5519 -0.8081 -0.2058
vn 0.9339 0.3573 0.0127
vn 0.9510 0.2672 -0.1555
vn -0.0263 0.4191 0.9076
vn -0.9518 0.2888 0.1035
vn 0.1804 0.6007 -0.7788
vn -0.0074 -0.9996 -0.0276
vn 0.1534 0.9712 -0.1822
vn -0.2240 0.9712 -0.0811
vn -0.5457 0.6007 -0.5843
vn 0.4765 0.4191 0.7728
vn -0.1467 0.9782 0.1469
vn 0.2005 0.9782 0.0539
vn -0.9013 0.2672 0.3409
vn 0.8760 0.2888 -0.3862
vn 0.8377 -0.4275 -0.3399
vn -0.8661 -0.4026 0.2963
vn 0.3571 -0.5984 0.7172
vn -0.3527 -0.7861 -0.5076
vn 0.0517 -0.7861 -0.6159
vn -0.8954 -0.4275 0.1245
vn 0.0493 -0.5984 0.7997
vn 0.8982 -0.4025 -0.1765
vn 0.0773 -0.9556 0.2842
vn -0.0773 0.9556 -0.2843
vn 0.2103 0.5754 0.7903
vn 0.2581 -0.0151 0.9660
vn 0.0821 0.9463 0.3127
vn -0.2582 0.0152 -0.9660
vn -0.9661 -0.0013 0.2582
vn -0.2103 -0.5755 -0.7903
vn -0.2073 0.6001 -0.7726
vn 0.9661 0.0013 -0.2582
vn 0.8906 -0.0862 -0.4466
vn -0.6216 0.6446 0.4452
vn -0.5918 0.6289 0.5042
vn 0.1991 -0.9730 -0.1164
vn 0.7823 -0.0870 -0.6168
vn 0.1289 -0.9516 -0.2792
vn -0.6595 -0.5035 0.5582
vn -0.8117 -0.5175 0.2708
vn 0.0604 -0.9646 -0.2567
vn -0.4450 0.6191 0.6470
vn 0.2934 0.9157 -0.2748
vn 0.5986 -0.0829 -0.7968
vn -0.6061 0.6479 0.4614
vn 0.0939 -0.0566 -0.9940
vn -0.9935 0.0755 0.0853
vn -0.6148 -0.4655 0.6366
vn 0.0298 -0.5502 0.8345
vn -0.1299 0.6267 0.7683
vn -0.0953 -0.9608 -0.2603
vn -0.0432 0.9344 -0.3535
vn -0.0338 0.6251 0.7798
vn -0.1933 0.9257 -0.3252
vn -0.0888 -0.0437 -0.9951
vn 0.3489 0.8966 -0.2729
vn 0.0404 0.9340 -0.3549
vn -0.0887 -0.0436 -0.9951
vn 0.1401 -0.9518 -0.2728
vn 0.1137 0.6208 0.7757
vn 0.1758 -0.5554 0.8128
vn 0.1022 -0.9602 -0.2600
vn -0.0336 -0.5446 0.8380
vn 0.4137 0.9103 0.0097
vn 0.1629 -0.9587 -0.2333
vn -0.6453 -0.4921 0.5843
vn 0.1959 -0.9699 -0.1444
vn 0.2947 0.9116 -0.2864
vn 0.7492 -0.0790 -0.6576
vn 0.3401 0.6388 0.6901
vn 0.3057 -0.0711 -0.9495
vn -0.2356 0.6099 0.7567
vn 0.0206 0.9089 -0.4166
vn -0.1605 -0.4844 0.8600
vn -0.2019 -0.9731 -0.1113
vn -0.2045 0.9171 -0.3422
vn 0.4131 -0.5054 0.7576
vn -0.0833 -0.9707 -0.2252
vn -0.4444 -0.0791 -0.8923
vn 0.7729 0.6159 -0.1525
vn -0.9215 -0.0862 -0.3787
vn 0.6963 0.6461 0.3128
vn -0.3823 0.9145 -0.1323
vn 0.8014 -0.5017 0.3256
vn -0.1605 -0.9663 0.2012
vn -0.4203 0.8984 0.1275
vn 0.8615 -0.4691 -0.1942
vn -0.2460 -0.9685 0.0385
vn -0.9609 -0.0811 0.2649
vn -0.2012 0.6056 -0.7699
vn -0.4763 -0.0771 0.8759
vn 0.4663 0.6023 -0.6479
vn -0.2081 0.8908 0.4039
vn 0.4934 -0.4578 -0.7396
vn 0.1492 -0.9716 0.1836
vn 0.1987 0.8920 0.4060
vn -0.2707 -0.4621 -0.8445
vn 0.0362 -0.9669 0.2525
vn 0.3855 -0.0772 0.9195
vn -0.7699 0.6370 -0.0378
vn 0.7035 -0.0812 0.7060
vn -0.5373 0.6423 -0.5466
vn 0.2998 0.9174 0.2617
vn -0.6270 -0.5065 -0.5918
vn -0.7939 -0.4972 0.3500
vn 0.4145 0.9098 -0.0213
vn -0.8702 -0.4925 -0.0161
vn 0.2351 -0.9717 0.0242
vn 0.9963 -0.0846 -0.0157
vn 0.9259 -0.0837 -0.3685
vn 0.2225 -0.9718 -0.0783
vn 0.9077 -0.0839 -0.4111
vn -0.7118 0.6388 0.2920
vn 0.3651 0.9131 -0.1814
vn 0.2245 -0.9737 -0.0382
vn -0.7109 0.6498 0.2690
vn 0.3566 0.9196 -0.1649
vn -0.7928 -0.5124 0.3299
vn 0.2215 -0.9730 -0.0652
vn 0.2198 0.0208 0.9753
vn 0.9641 -0.0853 -0.2515
vn -0.7346 0.6544 0.1791
vn 0.3716 0.9210 -0.1173
vn -0.8256 -0.5161 0.2280
vn 0.0010 -0.1998 0.9798
vn 0.0020 -0.0657 0.9978
vn 0.8312 -0.5560 -0.0000
vn 0.9403 -0.3404 -0.0000
vn 0.9923 -0.1238 -0.0000
vn 0.0002 -0.3807 -0.9247
vn 0.0010 -0.1998 -0.9798
vn 0.0020 -0.0657 -0.9978
vn -0.2553 -0.9669 -0.0000
vn -0.0000 -0.5195 0.8544
vn -0.0000 -0.5196 -0.8544
vn 0.7265 -0.6774 0.1151
vn 0.7376 -0.6753 -0.0000
vn 0.6488 -0.6781 0.3453
vn 0.4854 -0.6553 0.5787
vn 0.1971 -0.5816 0.7892
vn 0.7265 -0.6774 -0.1151
vn 0.6488 -0.6781 -0.3454
vn 0.4854 -0.6553 -0.5787
vn 0.1971 -0.5816 -0.7893
vn -0.9976 -0.0696 -0.0000
vn 0.9976 -0.0696 -0.0000
vn 0.9976 0.0696 -0.0000
vn -0.9976 0.0696 -0.0000
vn -0.1651 0.7122 -0.6822
vn -0.5943 -0.7873 -0.1643
vn 0.7150 0.0509 -0.6972
vn -0.5292 0.7706 0.3552
vn -0.0880 -0.1394 0.9863
vn -0.7875 0.5282 0.3177
vn 0.8949 -0.2994 0.3309
vn 0.7331 -0.6143 0.2918
vn -0.3987 0.4659 -0.7899
vn 0.1259 0.1454 0.9813
vn 0.0494 0.0546 0.9973
vn 0.5411 -0.2402 -0.8059
vn -0.8859 -0.1282 0.4459
vn 0.1877 -0.2694 0.9446
vn 0.9269 0.2981 0.2280
vn -0.7716 0.2903 -0.5661
vn 0.3852 0.4536 -0.8037
vn -0.8109 -0.4646 0.3558
vn 0.2343 0.7317 -0.6401
vn 0.3606 -0.8756 -0.3213
vn 0.7787 0.3505 -0.5204
vn -0.6889 -0.0177 -0.7247
vn -0.9992 -0.0000 -0.0391
vn -0.3460 -0.0000 0.9382
vn 0.7417 0.5861 0.3261
vn 0.7854 -0.0000 0.6190
vn -0.2716 -0.0000 -0.9624
vn 0.8314 -0.0000 -0.5557
vn -0.2543 0.3505 -0.9014
vn -0.3240 0.3505 0.8787
vn -0.9358 0.3505 -0.0366
vn 0.7356 0.3505 0.5797
vt 0.506541 0.616729
vt 0.506439 0.320079
vt 0.510875 0.331257
vt 0.511512 0.615143
vt 0.484367 0.614939
vt 0.483658 0.635536
vt 0.476424 0.634936
vt 0.477215 0.614523
vt 0.491514 0.616216
vt 0.491055 0.637370
vt 0.496559 0.617980
vt 0.496444 0.639900
vt 0.482955 0.652560
vt 0.475678 0.651807
vt 0.490480 0.654856
vt 0.496044 0.658020
vt 0.824146 0.019419
vt 0.845988 0.018793
vt 0.846276 0.026125
vt 0.824584 0.026721
vt 0.822852 0.011791
vt 0.845146 0.011074
vt 0.821081 0.006074
vt 0.843997 0.005233
vt 0.872186 0.018582
vt 0.872281 0.025926
vt 0.871922 0.010823
vt 0.871568 0.004929
vt 0.519170 0.634974
vt 0.518607 0.613990
vt 0.525743 0.613609
vt 0.526388 0.634409
vt 0.511828 0.636677
vt 0.506518 0.639020
vt 0.519412 0.653161
vt 0.526674 0.652437
vt 0.511935 0.655345
vt 0.506439 0.658348
vt 0.926667 0.018793
vt 0.947940 0.019419
vt 0.947489 0.026721
vt 0.926361 0.026125
vt 0.927615 0.011074
vt 0.949324 0.011791
vt 0.928926 0.005233
vt 0.951236 0.006074
vt 0.900675 0.018582
vt 0.900558 0.025926
vt 0.901050 0.010824
vt 0.901574 0.004929
vt 0.338541 0.320357
vt 0.338541 0.484264
vt 0.331325 0.483582
vt 0.331325 0.320525
vt 0.896167 0.929706
vt 0.896167 0.761911
vt 0.904030 0.763258
vt 0.904030 0.928469
vt 0.885229 0.931444
vt 0.885229 0.760098
vt -0.000000 0.000031
vt 0.171351 -0.000000
vt 0.171351 0.297538
vt 0.165887 0.319396
vt 0.150773 0.337396
vt 0.128153 0.349426
vt 0.100683 0.353778
vt 0.070668 0.353784
vt 0.043198 0.349441
vt 0.020578 0.337420
vt 0.005464 0.319425
vt 0.000000 0.297570
vt 0.872642 0.155342
vt 0.846969 0.155625
vt 0.846744 0.027890
vt 0.872416 0.027607
vt 0.000000 0.871519
vt 0.000000 0.713229
vt 0.127552 0.711814
vt 0.127552 0.870104
vt 0.346283 0.613266
vt 0.345803 0.357115
vt 0.473798 0.356900
vt 0.474278 0.613051
vt 0.656642 0.633067
vt 0.656568 0.651063
vt 0.528522 0.651041
vt 0.528596 0.633044
vt 0.346176 0.633677
vt 0.474170 0.633461
vt 0.656663 0.612310
vt 0.528618 0.612288
vt 0.656576 0.357228
vt 0.528530 0.357206
vt 0.825632 0.156408
vt 0.825406 0.028673
vt 0.926050 0.155625
vt 0.900582 0.155342
vt 0.900356 0.027607
vt 0.925825 0.027890
vt 0.345803 0.650550
vt 0.473798 0.650334
vt 0.304335 0.624020
vt 0.171351 0.624020
vt 0.171798 0.605174
vt 0.304783 0.605174
vt 0.677237 0.179273
vt 0.677237 0.311987
vt 0.653400 0.312820
vt 0.653400 0.180106
vt 0.171952 0.583029
vt 0.304937 0.583029
vt 0.705091 0.179015
vt 0.705091 0.311729
vt 0.762131 0.312137
vt 0.762131 0.179423
vt 0.785334 0.180339
vt 0.785334 0.313053
vt 0.653297 0.304215
vt 0.520260 0.304199
vt 0.520341 0.284096
vt 0.653378 0.284112
vt 0.734499 0.311781
vt 0.734499 0.179067
vt 0.520363 0.261575
vt 0.653400 0.261592
vt 0.171902 0.320357
vt 0.304886 0.320356
vt 0.946824 0.156408
vt 0.946599 0.028673
vt 0.345803 0.659490
vt 0.478327 0.658020
vt 0.478327 0.831096
vt 0.345803 0.832566
vt 0.520260 -0.000000
vt 0.653297 0.000016
vt 0.345804 0.262391
vt 0.345804 0.000032
vt 0.353234 0.005667
vt 0.353233 0.261513
vt 0.419036 0.313857
vt 0.446984 0.313852
vt 0.447740 0.320073
vt 0.418324 0.320079
vt 0.512786 0.261484
vt 0.512786 0.005638
vt 0.520260 0.000000
vt 0.520260 0.262359
vt 0.358321 0.281864
vt 0.351324 0.284471
vt 0.372395 0.298620
vt 0.367044 0.303188
vt 0.393457 0.309813
vt 0.390571 0.315691
vt 0.507698 0.281837
vt 0.514740 0.284441
vt 0.493625 0.298598
vt 0.499019 0.303164
vt 0.472563 0.309799
vt 0.475492 0.315676
vt 0.345803 0.320320
vt 0.171351 0.320357
vt 0.171351 0.057772
vt 0.176871 0.035671
vt 0.192591 0.016932
vt 0.216118 0.004408
vt 0.243869 0.000006
vt 0.273285 -0.000000
vt 0.301037 0.004390
vt 0.324563 0.016904
vt 0.340283 0.035636
vt 0.345803 0.057735
vt 0.271116 0.807303
vt 0.183561 0.807303
vt 0.179860 0.803036
vt 0.274650 0.803036
vt 0.656663 0.955591
vt 0.656663 0.860688
vt 0.660655 0.858878
vt 0.660655 0.957432
vt 0.339465 0.490406
vt 0.339465 0.499137
vt 0.335169 0.499147
vt 0.335169 0.490416
vt 0.682934 0.959618
vt 0.682934 0.856734
vt 0.278236 0.915018
vt 0.274010 0.910738
vt 0.277547 0.909271
vt 0.281745 0.913562
vt 0.279011 0.905730
vt 0.283198 0.910049
vt 0.621595 0.843337
vt 0.617527 0.845726
vt 0.617519 0.842361
vt 0.621587 0.840005
vt 0.954913 0.180859
vt 0.958772 0.182672
vt 0.958922 0.186338
vt 0.955060 0.184490
vt 0.933000 0.182632
vt 0.932852 0.179015
vt 0.643962 0.837233
vt 0.643970 0.840552
vt 0.954918 0.293872
vt 0.932852 0.297053
vt 0.610872 0.304246
vt 0.610872 0.312975
vt 0.605892 0.312944
vt 0.605892 0.304215
vt 0.958783 0.291439
vt 0.180705 0.910738
vt 0.176314 0.915018
vt 0.172805 0.913562
vt 0.177167 0.909271
vt 0.171351 0.910049
vt 0.175701 0.905730
vt 0.617527 0.947343
vt 0.621595 0.949342
vt 0.621587 0.952938
vt 0.617519 0.950975
vt 0.906809 0.183790
vt 0.910713 0.181578
vt 0.910597 0.185019
vt 0.906692 0.187264
vt 0.932737 0.182443
vt 0.932853 0.179015
vt 0.643962 0.955265
vt 0.643970 0.951683
vt 0.794564 0.179015
vt 0.897413 0.179015
vt 0.906692 0.295512
vt 0.905257 0.298977
vt 0.901794 0.300412
vt 0.790234 0.300412
vt 0.786770 0.298977
vt 0.785334 0.295512
vt 0.932853 0.299140
vt 0.910709 0.296579
vt 0.642514 0.850886
vt 0.623050 0.852264
vt 0.255893 0.900069
vt 0.258057 0.899171
vt 0.906801 0.294461
vt 0.590758 0.304216
vt 0.590758 0.312947
vt 0.585628 0.312946
vt 0.585628 0.304215
vt 0.574255 0.312498
vt 0.569382 0.310896
vt 0.569382 0.305776
vt 0.574255 0.304215
vt 0.577266 0.308369
vt 0.600891 0.312877
vt 0.600891 0.304215
vt 0.605892 0.304360
vt 0.605892 0.313022
vt 0.343463 0.490418
vt 0.343463 0.499149
vt 0.561485 0.310933
vt 0.556605 0.312517
vt 0.553589 0.308365
vt 0.556605 0.304215
vt 0.561485 0.305802
vt 0.533018 0.304215
vt 0.533018 0.312946
vt 0.528722 0.312957
vt 0.528722 0.304225
vt 0.345797 0.600877
vt 0.345797 0.609605
vt 0.340817 0.609574
vt 0.340817 0.600846
vt 0.595889 0.304216
vt 0.595889 0.312947
vt 0.590758 0.312946
vt 0.590758 0.304215
vt 0.569383 0.310907
vt 0.564501 0.312484
vt 0.561485 0.308348
vt 0.564501 0.304215
vt 0.569383 0.305797
vt 0.595889 0.312877
vt 0.595889 0.304215
vt 0.600891 0.304360
vt 0.600891 0.313022
vt 0.537016 0.304227
vt 0.537016 0.312958
vt 0.548710 0.304215
vt 0.553589 0.305802
vt 0.553589 0.310934
vt 0.548710 0.312519
vt 0.545695 0.308366
vt 0.556932 0.312519
vt 0.556932 0.317217
vt 0.554620 0.317222
vt 0.554620 0.312524
vt 0.345726 0.550171
vt 0.345726 0.554867
vt 0.343047 0.554850
vt 0.343047 0.550154
vt 0.171351 0.619323
vt 0.171351 0.624021
vt 0.168591 0.624020
vt 0.168591 0.619322
vt 0.333594 0.621140
vt 0.335215 0.618907
vt 0.337838 0.619747
vt 0.337838 0.622501
vt 0.335215 0.623361
vt 0.343047 0.540649
vt 0.343047 0.535988
vt 0.345738 0.536066
vt 0.345738 0.540727
vt 0.559083 0.312525
vt 0.559083 0.317223
vt 0.345066 0.617688
vt 0.342440 0.618540
vt 0.340817 0.616306
vt 0.342440 0.614073
vt 0.345066 0.614927
vt 0.548006 0.312519
vt 0.548006 0.317217
vt 0.545695 0.317222
vt 0.545695 0.312524
vt 0.171324 0.547138
vt 0.171324 0.551835
vt 0.168645 0.551818
vt 0.168645 0.547122
vt 0.340598 0.618907
vt 0.340598 0.623605
vt 0.337838 0.623605
vt 0.337838 0.618907
vt 0.331974 0.623363
vt 0.329352 0.622502
vt 0.329352 0.619747
vt 0.331974 0.618907
vt 0.333594 0.621142
vt 0.168645 0.542330
vt 0.168645 0.537670
vt 0.171336 0.537747
vt 0.171336 0.542408
vt 0.550158 0.312525
vt 0.550158 0.317223
vt 0.617099 0.316693
vt 0.614473 0.317545
vt 0.612850 0.315310
vt 0.614473 0.313078
vt 0.617099 0.313932
vt 0.335974 0.484264
vt 0.335974 0.488962
vt 0.333663 0.488967
vt 0.333663 0.484269
vt 0.171324 0.551852
vt 0.171324 0.556549
vt 0.168645 0.556532
vt 0.168645 0.551835
vt 0.626869 0.313078
vt 0.626869 0.317776
vt 0.624109 0.317776
vt 0.624109 0.313078
vt 0.325108 0.621140
vt 0.326729 0.618907
vt 0.329352 0.619747
vt 0.329352 0.622501
vt 0.326729 0.623361
vt 0.168645 0.537592
vt 0.168645 0.532931
vt 0.171336 0.533009
vt 0.171336 0.537670
vt 0.338126 0.484270
vt 0.338126 0.488968
vt 0.343443 0.609605
vt 0.345065 0.611839
vt 0.343442 0.614073
vt 0.340817 0.613221
vt 0.340817 0.610459
vt 0.531033 0.312958
vt 0.531033 0.317656
vt 0.528722 0.317662
vt 0.528722 0.312964
vt 0.345727 0.540744
vt 0.345727 0.545440
vt 0.343047 0.545424
vt 0.343047 0.540727
vt 0.624109 0.313079
vt 0.624109 0.317776
vt 0.621349 0.317776
vt 0.621349 0.313078
vt 0.619513 0.307816
vt 0.616886 0.308664
vt 0.615263 0.306439
vt 0.616886 0.304215
vt 0.619513 0.305066
vt 0.343047 0.526433
vt 0.343047 0.521773
vt 0.345739 0.521851
vt 0.345739 0.526511
vt 0.533185 0.312965
vt 0.533185 0.317663
vt 0.601728 0.313078
vt 0.604354 0.313932
vt 0.604354 0.316693
vt 0.601728 0.317546
vt 0.600106 0.315312
vt 0.552469 0.312519
vt 0.552469 0.317217
vt 0.550158 0.317222
vt 0.550158 0.312524
vt 0.171325 0.542425
vt 0.171325 0.547122
vt 0.168645 0.547105
vt 0.168645 0.542408
vt 0.625704 0.304216
vt 0.625704 0.308914
vt 0.622943 0.308913
vt 0.622943 0.304215
vt 0.621348 0.316679
vt 0.618722 0.317527
vt 0.617099 0.315302
vt 0.618722 0.313078
vt 0.621348 0.313929
vt 0.343047 0.531172
vt 0.343047 0.526511
vt 0.345739 0.526589
vt 0.345739 0.531250
vt 0.554620 0.312525
vt 0.554620 0.317223
vt 0.605977 0.313078
vt 0.608602 0.313932
vt 0.608602 0.316693
vt 0.605977 0.317546
vt 0.604354 0.315312
vt 0.568757 0.315369
vt 0.568757 0.320067
vt 0.566446 0.320073
vt 0.566446 0.315375
vt 0.345727 0.545457
vt 0.345727 0.550154
vt 0.343047 0.550137
vt 0.343047 0.545440
vt 0.628464 0.304216
vt 0.628464 0.308914
vt 0.625704 0.308913
vt 0.625704 0.304215
vt 0.345067 0.622141
vt 0.342440 0.622989
vt 0.340817 0.620764
vt 0.342440 0.618540
vt 0.345067 0.619391
vt 0.343047 0.535911
vt 0.343047 0.531250
vt 0.345739 0.531327
vt 0.345739 0.535988
vt 0.570908 0.315376
vt 0.570908 0.320074
vt 0.610225 0.313078
vt 0.612850 0.313932
vt 0.612850 0.316693
vt 0.610225 0.317546
vt 0.608602 0.315312
vt 0.623050 0.900011
vt 0.624067 0.854846
vt 0.624067 0.897581
vt 0.642514 0.900941
vt 0.167926 0.501178
vt 0.167926 0.483607
vt 0.170262 0.483619
vt 0.170262 0.501190
vt 0.641488 0.898414
vt 0.171351 0.353784
vt 0.171351 0.403989
vt 0.170256 0.401304
vt 0.170256 0.356368
vt 0.641488 0.853612
vt 0.506392 0.896084
vt 0.506392 0.940886
vt 0.503584 0.936857
vt 0.503584 0.900250
vt 0.167926 0.401320
vt 0.167926 0.356384
vt 0.170276 0.466019
vt 0.170276 0.483607
vt 0.167926 0.483606
vt 0.167926 0.466018
vt 0.345804 0.320356
vt 0.345804 0.363256
vt 0.343475 0.363265
vt 0.343475 0.320365
vt 0.220153 0.915018
vt 0.220153 0.950071
vt 0.205236 0.950074
vt 0.205236 0.915021
vt 0.488971 0.897318
vt 0.499293 0.901162
vt 0.488971 0.940053
vt 0.499293 0.936080
vt 0.121237 0.934545
vt 0.116947 0.933768
vt 0.116947 0.898850
vt 0.121237 0.897938
vt 0.541351 0.304215
vt 0.545695 0.305033
vt 0.545695 0.319833
vt 0.541351 0.319015
vt 0.205236 0.915018
vt 0.205236 0.951735
vt 0.190318 0.951737
vt 0.190318 0.915021
vt 0.541351 0.319128
vt 0.537016 0.319880
vt 0.537016 0.304967
vt 0.541351 0.304215
vt 0.551979 0.317223
vt 0.553610 0.317753
vt 0.553610 0.319468
vt 0.551979 0.319997
vt 0.550971 0.318610
vt 0.170619 0.571852
vt 0.170619 0.574769
vt 0.169283 0.574765
vt 0.169283 0.571848
vt 0.343089 0.583472
vt 0.343089 0.580578
vt 0.344761 0.580627
vt 0.344761 0.583521
vt 0.566445 0.314733
vt 0.566445 0.313018
vt 0.568070 0.312484
vt 0.569075 0.313867
vt 0.568070 0.315257
vt 0.344761 0.571776
vt 0.344761 0.574694
vt 0.343047 0.574693
vt 0.343047 0.571776
vt 0.171184 0.583586
vt 0.171184 0.586502
vt 0.169520 0.586492
vt 0.169520 0.583576
vt 0.167848 0.574769
vt 0.167848 0.571851
vt 0.169283 0.574769
vt 0.169283 0.577686
vt 0.167848 0.577690
vt 0.167848 0.574773
vt 0.169519 0.586497
vt 0.169519 0.589413
vt 0.167855 0.589403
vt 0.167855 0.586487
vt 0.345189 0.495491
vt 0.345189 0.498409
vt 0.343475 0.498408
vt 0.343475 0.495491
vt 0.343047 0.571251
vt 0.343047 0.569537
vt 0.344672 0.569003
vt 0.345676 0.570386
vt 0.344672 0.571776
vt 0.343089 0.580530
vt 0.343089 0.577636
vt 0.344761 0.577684
vt 0.344761 0.580578
vt 0.170619 0.574773
vt 0.170619 0.577690
vt 0.557255 0.317223
vt 0.558886 0.317753
vt 0.558886 0.319468
vt 0.557255 0.319997
vt 0.556248 0.318610
vt 0.169283 0.566006
vt 0.169283 0.568923
vt 0.167848 0.568926
vt 0.167848 0.566009
vt 0.344754 0.586458
vt 0.344754 0.589374
vt 0.343089 0.589364
vt 0.343089 0.586448
vt 0.577069 0.315370
vt 0.577069 0.318287
vt 0.575355 0.318287
vt 0.575355 0.315369
vt 0.572022 0.314734
vt 0.570390 0.315261
vt 0.569383 0.313879
vt 0.570390 0.312498
vt 0.572022 0.313027
vt 0.169519 0.580585
vt 0.169520 0.577691
vt 0.171191 0.577739
vt 0.171191 0.580633
vt 0.170619 0.566010
vt 0.170619 0.568927
vt 0.344055 0.557940
vt 0.345685 0.558470
vt 0.345685 0.560184
vt 0.344055 0.560714
vt 0.343047 0.559327
vt 0.169283 0.560163
vt 0.169283 0.563080
vt 0.167848 0.563084
vt 0.167848 0.560167
vt 0.169519 0.580644
vt 0.169519 0.583560
vt 0.167855 0.583550
vt 0.167855 0.580633
vt 0.345189 0.492574
vt 0.345189 0.495491
vt 0.343475 0.495491
vt 0.343475 0.492573
vt 0.345686 0.565713
vt 0.344055 0.566240
vt 0.343047 0.564858
vt 0.344055 0.563477
vt 0.345686 0.564006
vt 0.343089 0.577587
vt 0.343089 0.574693
vt 0.344761 0.574742
vt 0.344761 0.577636
vt 0.170619 0.560167
vt 0.170619 0.563084
vt 0.549341 0.317223
vt 0.550972 0.317753
vt 0.550972 0.319468
vt 0.549341 0.319997
vt 0.548333 0.318610
vt 0.169283 0.568927
vt 0.169283 0.571844
vt 0.167848 0.571848
vt 0.167848 0.568930
vt 0.344754 0.583531
vt 0.344754 0.586448
vt 0.343090 0.586437
vt 0.343090 0.583521
vt 0.560797 0.312519
vt 0.560797 0.315436
vt 0.559083 0.315436
vt 0.559083 0.312519
vt 0.345686 0.568476
vt 0.344055 0.569003
vt 0.343047 0.567621
vt 0.344055 0.566240
vt 0.345686 0.566768
vt 0.169520 0.583527
vt 0.169520 0.580633
vt 0.171191 0.580681
vt 0.171191 0.583576
vt 0.170619 0.568931
vt 0.170619 0.571848
vt 0.554617 0.317223
vt 0.556248 0.317753
vt 0.556248 0.319468
vt 0.554617 0.319997
vt 0.553609 0.318610
vt 0.169283 0.563084
vt 0.169283 0.566002
vt 0.167848 0.566005
vt 0.167848 0.563088
vt 0.169519 0.583570
vt 0.169519 0.586487
vt 0.167855 0.586476
vt 0.167855 0.583560
vt 0.560797 0.315437
vt 0.560797 0.318354
vt 0.559083 0.318354
vt 0.559083 0.315436
vt 0.345686 0.562950
vt 0.344055 0.563477
vt 0.343047 0.562095
vt 0.344055 0.560714
vt 0.345686 0.561243
vt 0.167848 0.580585
vt 0.167848 0.577691
vt 0.169519 0.577739
vt 0.169519 0.580633
vt 0.170619 0.563088
vt 0.170619 0.566006
vt 0.548333 0.317752
vt 0.548333 0.319467
vt 0.546703 0.319997
vt 0.545695 0.318610
vt 0.546703 0.317223
vt 0.085435 0.871519
vt 0.085440 0.873594
vt 0.054048 0.874083
vt 0.054043 0.872008
vt 0.200565 0.836797
vt 0.195757 0.897005
vt 0.196654 0.899171
vt 0.258952 0.897005
vt 0.198818 0.900069
vt 0.254123 0.836797
vt 0.429682 0.832566
vt 0.483240 0.832566
vt 0.488070 0.892774
vt 0.487174 0.894940
vt 0.485010 0.895837
vt 0.427935 0.895837
vt 0.425771 0.894940
vt 0.424875 0.892773
vt 0.934045 0.504571
vt 0.934045 0.564883
vt 0.902730 0.570286
vt 0.902730 0.509975
vt 0.085440 0.930498
vt 0.085435 0.932738
vt 0.054043 0.933228
vt 0.054048 0.930988
vt 0.022767 0.873779
vt 0.022672 0.871519
vt 0.053948 0.876429
vt 0.054043 0.878690
vt 0.116947 0.871519
vt 0.116947 0.925140
vt 0.085440 0.925171
vt 0.085440 0.871550
vt 0.934120 0.502428
vt 0.902805 0.507832
vt 0.022767 0.932908
vt 0.054043 0.937819
vt 0.909120 0.408330
vt 0.911356 0.407398
vt 0.914324 0.410377
vt 0.912282 0.405153
vt 0.912282 0.330735
vt 0.911356 0.328491
vt 0.914324 0.325509
vt 0.909120 0.327562
vt 0.835014 0.327600
vt 0.832778 0.328531
vt 0.829810 0.325552
vt 0.831852 0.330777
vt 0.831852 0.405194
vt 0.832778 0.407439
vt 0.829810 0.410421
vt 0.835014 0.408368
vt 0.907856 0.407147
vt 0.910081 0.406220
vt 0.911003 0.403985
vt 0.907856 0.328731
vt 0.910081 0.329656
vt 0.911003 0.331890
vt 0.836063 0.328769
vt 0.833837 0.329696
vt 0.832916 0.331931
vt 0.836063 0.407184
vt 0.833837 0.406260
vt 0.832916 0.404026
vt 0.336529 0.877262
vt 0.345616 0.877268
vt 0.345639 0.879433
vt 0.336552 0.879420
vt 0.478327 0.734397
vt 0.487417 0.734398
vt 0.487420 0.736676
vt 0.478330 0.736667
vt 0.479642 0.732148
vt 0.488660 0.732258
vt 0.488776 0.734397
vt 0.479759 0.734294
vt 0.487417 0.810871
vt 0.478327 0.810875
vt 0.478330 0.808696
vt 0.487420 0.808684
vt 0.643970 0.911526
vt 0.653060 0.911514
vt 0.653067 0.913772
vt 0.643977 0.913777
vt 0.336552 0.803036
vt 0.345639 0.803054
vt 0.345616 0.805348
vt 0.336529 0.805322
vt 0.488660 0.660417
vt 0.479642 0.660327
vt 0.479759 0.658020
vt 0.488776 0.658118
vt 0.643977 0.837233
vt 0.653067 0.837234
vt 0.653060 0.839443
vt 0.643970 0.839435
vt 0.345616 0.859288
vt 0.338982 0.859281
vt 0.827491 0.580844
vt 0.825273 0.579921
vt 0.824355 0.577694
vt 0.824589 0.559679
vt 0.902677 0.559679
vt 0.902443 0.577694
vt 0.901523 0.579921
vt 0.899304 0.580844
vt 0.479642 0.678282
vt 0.486225 0.678350
vt 0.488601 0.735574
vt 0.488601 0.809902
vt 0.911003 0.349914
vt 0.912282 0.349340
vt 0.654227 0.838251
vt 0.654227 0.912643
vt 0.479642 0.714192
vt 0.478327 0.733394
vt 0.478327 0.714860
vt 0.910890 0.500367
vt 0.908828 0.502428
vt 0.909553 0.501091
vt 0.826417 0.502413
vt 0.824355 0.500350
vt 0.825692 0.501075
vt 0.908828 0.415860
vt 0.910890 0.417923
vt 0.909553 0.417198
vt 0.824355 0.417906
vt 0.826417 0.415845
vt 0.825692 0.417182
vt 0.918393 0.412356
vt 0.916297 0.414463
vt 0.917062 0.413125
vt 0.916297 0.321421
vt 0.918393 0.323525
vt 0.917062 0.322758
vt 0.827837 0.414509
vt 0.825741 0.412404
vt 0.827073 0.413171
vt 0.825741 0.323573
vt 0.827837 0.321467
vt 0.827073 0.322804
vt 0.917596 0.415797
vt 0.919674 0.413710
vt 0.917595 0.320079
vt 0.919674 0.322164
vt 0.825790 0.774087
vt 0.824355 0.773671
vt 0.824619 0.771411
vt 0.826051 0.771848
vt 0.824355 0.678315
vt 0.825790 0.677849
vt 0.826051 0.679731
vt 0.824619 0.680214
vt 0.826433 0.320126
vt 0.824355 0.322214
vt 0.826433 0.415845
vt 0.824355 0.413759
vt 0.876245 0.675165
vt 0.877634 0.674726
vt 0.877642 0.676913
vt 0.876253 0.677333
vt 0.877750 0.868131
vt 0.876374 0.868538
vt 0.876427 0.866330
vt 0.877802 0.865904
vt 0.876912 0.767860
vt 0.876652 0.770093
vt 0.824407 0.861590
vt 0.824355 0.863791
vt 0.876253 0.582808
vt 0.824362 0.588066
vt 0.824370 0.586108
vt 0.876261 0.580844
vt 0.824363 0.672573
vt 0.824356 0.670412
vt 0.876912 0.685729
vt 0.283198 0.890339
vt 0.283198 0.807923
vt 0.335145 0.803036
vt 0.335145 0.895472
vt 0.824407 0.779346
vt 0.876427 0.774087
vt 0.336529 0.803485
vt 0.336529 0.894999
vt 0.912282 0.386548
vt 0.912282 0.367944
vt 0.877642 0.583291
vt 0.831852 0.349381
vt 0.831852 0.367985
vt 0.831852 0.386590
vt 0.877802 0.774580
vt 0.833746 0.483244
vt 0.836607 0.490157
vt 0.826880 0.499886
vt 0.843517 0.493022
vt 0.891728 0.493031
vt 0.898638 0.490169
vt 0.908364 0.499902
vt 0.901499 0.483257
vt 0.901499 0.435028
vt 0.898638 0.428115
vt 0.908364 0.418386
vt 0.891727 0.425251
vt 0.843517 0.425242
vt 0.836607 0.428104
vt 0.826880 0.418371
vt 0.833746 0.435015
vt 0.540981 0.848933
vt 0.539592 0.845580
vt 0.544936 0.840096
vt 0.547799 0.847009
vt 0.536240 0.844191
vt 0.538026 0.837233
vt 0.497535 0.845580
vt 0.496147 0.848933
vt 0.488971 0.847009
vt 0.491832 0.840096
vt 0.500886 0.844191
vt 0.498741 0.837233
vt 0.496154 0.884301
vt 0.497543 0.887654
vt 0.491842 0.893221
vt 0.488979 0.886309
vt 0.500894 0.889043
vt 0.498752 0.896084
vt 0.539600 0.887654
vt 0.540988 0.884301
vt 0.547807 0.886309
vt 0.544946 0.893221
vt 0.536249 0.889043
vt 0.538037 0.896084
vt 0.824355 0.868538
vt 0.862273 0.873799
vt 0.862634 0.880437
vt 0.824716 0.875176
vt 0.824716 0.923223
vt 0.862634 0.919589
vt 0.799518 0.863497
vt 0.799519 0.911669
vt 0.760745 0.907437
vt 0.760745 0.868184
vt 0.760755 0.861421
vt 0.799529 0.856734
vt 0.721920 0.907360
vt 0.760745 0.911934
vt 0.760722 0.918768
vt 0.721897 0.914193
vt 0.760745 0.863721
vt 0.721920 0.868073
vt 0.862273 0.926723
vt 0.824355 0.930357
vt 0.721825 0.918638
vt 0.682934 0.914428
vt 0.683006 0.907332
vt 0.721897 0.911543
vt 0.721897 0.863430
vt 0.683006 0.868127
vt 0.721897 0.861086
vt 0.760722 0.856734
vt 0.799529 0.918714
vt 0.760755 0.914482
vt 0.682934 0.861432
vt 0.721825 0.856734
vt 0.911003 0.385962
vt 0.911003 0.367938
vt 0.345616 0.823328
vt 0.345616 0.841308
vt 0.339460 0.841297
vt 0.338982 0.823311
vt 0.479642 0.696237
vt 0.478327 0.696326
vt 0.478327 0.677793
vt 0.485751 0.696305
vt 0.486225 0.714270
vt 0.902730 0.541653
vt 0.824643 0.541653
vt 0.824608 0.523621
vt 0.902696 0.523621
vt 0.478327 0.659259
vt 0.824393 0.505579
vt 0.825313 0.503352
vt 0.827532 0.502428
vt 0.899345 0.502428
vt 0.901563 0.503352
vt 0.902480 0.505579
vt 0.170741 0.429092
vt 0.167926 0.429148
vt 0.167982 0.404045
vt 0.170797 0.403989
vt 0.164157 0.888646
vt 0.166590 0.889205
vt 0.166679 0.913385
vt 0.164246 0.912826
vt 0.598495 0.313022
vt 0.600106 0.315229
vt 0.598495 0.317546
vt 0.595889 0.316770
vt 0.595889 0.313973
vt 0.439275 0.921377
vt 0.441993 0.921375
vt 0.437059 0.934983
vt 0.434527 0.933977
vt 0.170797 0.442764
vt 0.167982 0.442820
vt 0.427406 0.959482
vt 0.424874 0.958477
vt 0.166669 0.877439
vt 0.168791 0.876168
vt 0.168703 0.888458
vt 0.168791 0.912638
vt 0.437568 0.909469
vt 0.439536 0.907629
vt 0.339023 0.783175
vt 0.341340 0.782821
vt 0.343077 0.790333
vt 0.340825 0.791745
vt 0.459063 0.933950
vt 0.456365 0.933943
vt 0.451623 0.921344
vt 0.454135 0.920344
vt 0.123005 0.915476
vt 0.125824 0.915612
vt 0.124056 0.926771
vt 0.121237 0.926635
vt 0.164246 0.876356
vt 0.122267 0.907760
vt 0.125086 0.907896
vt 0.590065 0.313828
vt 0.592747 0.312947
vt 0.594404 0.315195
vt 0.592747 0.317465
vt 0.590065 0.316620
vt 0.343584 0.782974
vt 0.345385 0.791544
vt 0.345173 0.765900
vt 0.345385 0.770697
vt 0.343152 0.770785
vt 0.342939 0.765987
vt 0.339778 0.775961
vt 0.342106 0.775847
vt 0.426551 0.895837
vt 0.430347 0.898769
vt 0.428670 0.900870
vt 0.424874 0.897938
vt 0.451396 0.953464
vt 0.449743 0.951358
vt 0.454573 0.945910
vt 0.456518 0.947755
vt 0.340825 0.770898
vt 0.447449 0.956493
vt 0.445796 0.954387
vt 0.121237 0.902714
vt 0.124056 0.902850
vt 0.441994 0.957317
vt 0.443647 0.959423
vt 0.124285 0.898074
vt 0.121465 0.897938
vt 0.434361 0.901863
vt 0.432684 0.903964
vt 0.340612 0.766101
vt 0.344339 0.775759
vt 0.441994 0.896837
vt 0.444506 0.895837
vt 0.550343 0.935088
vt 0.548550 0.934345
vt 0.547807 0.932553
vt 0.547807 0.839775
vt 0.548550 0.837982
vt 0.550343 0.837239
vt 0.580126 0.837233
vt 0.581920 0.837975
vt 0.582663 0.839768
vt 0.582663 0.932546
vt 0.581920 0.934339
vt 0.580126 0.935081
vt 0.616336 0.839942
vt 0.615870 0.838818
vt 0.616776 0.837974
vt 0.617519 0.839765
vt 0.614744 0.838352
vt 0.614983 0.837233
vt 0.584303 0.838824
vt 0.583837 0.839948
vt 0.582663 0.839772
vt 0.583405 0.837981
vt 0.585429 0.838358
vt 0.585199 0.837238
vt 0.584303 0.933302
vt 0.585429 0.933767
vt 0.585199 0.935003
vt 0.583405 0.934261
vt 0.583837 0.932178
vt 0.582663 0.932470
vt 0.615870 0.933296
vt 0.616336 0.932172
vt 0.617519 0.932464
vt 0.616776 0.934255
vt 0.614744 0.933762
vt 0.614983 0.934997
vt 0.542094 0.896137
vt 0.546869 0.896084
vt 0.546934 0.897956
vt 0.542159 0.898009
vt 0.546934 0.927505
vt 0.542159 0.927558
vt 0.885229 0.854239
vt 0.880435 0.854237
vt 0.880435 0.761815
vt 0.885229 0.761818
vt 0.880431 0.760098
vt 0.885224 0.760100
vt 0.339023 0.718628
vt 0.343815 0.718629
vt 0.343836 0.720417
vt 0.339045 0.720416
vt 0.339023 0.625819
vt 0.343815 0.625820
vt 0.546869 0.929191
vt 0.542094 0.929244
vt 0.885224 0.856093
vt 0.880431 0.856091
vt 0.915671 0.474894
vt 0.910889 0.474902
vt 0.910941 0.473128
vt 0.915723 0.473120
vt 0.910941 0.443353
vt 0.915723 0.443345
vt 0.910889 0.441542
vt 0.915671 0.441534
vt 0.339045 0.624020
vt 0.343836 0.624021
vt 0.621082 0.306636
vt 0.619513 0.304266
vt 0.621577 0.304215
vt 0.622943 0.306579
vt 0.561771 0.317401
vt 0.564063 0.317414
vt 0.563812 0.319367
vt 0.561485 0.320074
vt 0.564062 0.312498
vt 0.566445 0.312484
vt 0.566446 0.317401
vt 0.619513 0.308935
vt 0.621630 0.308887
vt 0.167926 0.506104
vt 0.170812 0.506185
vt 0.170948 0.509791
vt 0.168078 0.509570
vt 0.583105 0.309762
vt 0.581497 0.305118
vt 0.584019 0.304215
vt 0.585628 0.308859
vt 0.578861 0.315575
vt 0.581497 0.314723
vt 0.581261 0.317591
vt 0.578623 0.317028
vt 0.585467 0.312564
vt 0.582817 0.312432
vt 0.168062 0.501190
vt 0.170948 0.501270
vt 0.575355 0.317706
vt 0.573656 0.320044
vt 0.570908 0.319152
vt 0.570908 0.316263
vt 0.573656 0.315369
vt 0.577394 0.312582
vt 0.580125 0.312460
vt 0.577266 0.308792
vt 0.578952 0.304215
vt 0.581497 0.305001
vt 0.579811 0.309578
vt 0.584012 0.315579
vt 0.581497 0.314725
vt 0.561770 0.312484
vt 0.566155 0.319844
vt 0.345463 0.554867
vt 0.345463 0.557755
vt 0.343047 0.557940
vt 0.343080 0.555054
vt 0.588370 0.317601
vt 0.585628 0.316731
vt 0.585628 0.313854
vt 0.588370 0.312947
vt 0.590065 0.315263
vt 0.533185 0.315266
vt 0.534226 0.312984
vt 0.536918 0.312958
vt 0.536745 0.315297
vt 0.169902 0.459785
vt 0.169842 0.456910
vt 0.171288 0.457043
vt 0.171288 0.459925
vt 0.534129 0.317657
vt 0.536918 0.317634
vt 0.584162 0.316987
vt 0.581565 0.317543
vt 0.914594 0.428363
vt 0.919388 0.428698
vt 0.918983 0.440404
vt 0.915003 0.441534
vt 0.523794 0.311245
vt 0.528722 0.311713
vt 0.528074 0.318693
vt 0.523994 0.319220
vt 0.121689 0.885118
vt 0.116947 0.884730
vt 0.118318 0.873398
vt 0.122021 0.871519
vt 0.615263 0.312148
vt 0.610872 0.310889
vt 0.611596 0.304275
vt 0.615263 0.304215
vt 0.242198 0.932987
vt 0.235344 0.932986
vt 0.235926 0.921689
vt 0.242207 0.921689
vt 0.227826 0.932812
vt 0.220153 0.933344
vt 0.220686 0.922005
vt 0.226838 0.919464
vt 0.235329 0.932351
vt 0.233213 0.921186
vt 0.249052 0.932987
vt 0.248488 0.921689
vt 0.233594 0.919093
vt 0.226332 0.915018
vt 0.523994 0.304215
vt 0.528074 0.305177
vt 0.249052 0.944842
vt 0.242198 0.944842
vt 0.235329 0.944241
vt 0.228610 0.945979
vt 0.221659 0.945135
vt 0.235344 0.944842
vt 0.121340 0.897938
vt 0.117385 0.896398
vt 0.914302 0.415845
vt 0.918033 0.418038
vt 0.910889 0.418103
vt 0.910889 0.428952
vt 0.125165 0.896677
vt 0.125447 0.884933
vt 0.520260 0.305185
vt 0.520260 0.311943
vt 0.235329 0.919562
vt 0.242298 0.915018
vt 0.249276 0.919562
vt 0.125447 0.873654
vt 0.520260 0.318700
vt 0.911188 0.440475
vt 0.169842 0.463490
vt 0.170892 0.463499
vt 0.170892 0.466017
vt 0.169842 0.466008
vt 0.170276 0.466018
vt 0.171324 0.466023
vt 0.171339 0.467450
vt 0.170291 0.467445
vt 0.333749 0.489017
vt 0.334783 0.488968
vt 0.334697 0.490206
vt 0.333663 0.490254
vt 0.334783 0.491911
vt 0.333749 0.491960
vt 0.171324 0.468193
vt 0.170276 0.468188
vt 0.169903 0.460531
vt 0.170915 0.460560
vt 0.170854 0.462058
vt 0.169842 0.462029
vt 0.618312 0.311863
vt 0.616886 0.312312
vt 0.615263 0.311779
vt 0.615263 0.309175
vt 0.616886 0.308664
vt 0.618312 0.309132
vt 0.618770 0.309759
vt 0.618770 0.311242
vt 0.171062 0.463490
vt 0.170050 0.463461
vt 0.170050 0.459925
vt 0.171062 0.459954
vt 0.171324 0.559692
vt 0.169716 0.560163
vt 0.168302 0.559669
vt 0.167848 0.559038
vt 0.167848 0.557568
vt 0.168302 0.556962
vt 0.169715 0.556549
vt 0.171324 0.557111
vt 0.344302 0.467368
vt 0.345648 0.467233
vt 0.344821 0.473092
vt 0.343475 0.473227
vt 0.322425 0.914039
vt 0.323232 0.913807
vt 0.324796 0.920010
vt 0.323989 0.920242
vt 0.324623 0.928646
vt 0.323849 0.928254
vt 0.299230 0.941861
vt 0.297906 0.941919
vt 0.298137 0.934807
vt 0.299391 0.935235
vt 0.343475 0.461720
vt 0.344821 0.461585
vt 0.299788 0.928664
vt 0.301042 0.929092
vt 0.168566 0.447381
vt 0.169814 0.447121
vt 0.169147 0.452723
vt 0.167926 0.452710
vt 0.169829 0.458907
vt 0.168607 0.458893
vt 0.300235 0.947533
vt 0.299305 0.948456
vt 0.345539 0.503655
vt 0.344502 0.503925
vt 0.343566 0.500384
vt 0.344541 0.499610
vt 0.320996 0.907374
vt 0.322257 0.907427
vt 0.321233 0.914472
vt 0.344265 0.487139
vt 0.345615 0.487218
vt 0.344825 0.492573
vt 0.343475 0.492495
vt 0.323107 0.907495
vt 0.343939 0.483437
vt 0.345289 0.483515
vt 0.530803 0.319404
vt 0.530803 0.318060
vt 0.532080 0.317663
vt 0.532869 0.318761
vt 0.532080 0.319837
vt 0.168104 0.443402
vt 0.169324 0.442820
vt 0.343373 0.512191
vt 0.343047 0.509913
vt 0.344160 0.509757
vt 0.344487 0.512035
vt 0.345474 0.507138
vt 0.344421 0.507294
vt 0.305798 0.953835
vt 0.303933 0.952507
vt 0.304720 0.951465
vt 0.306585 0.952793
vt 0.325045 0.898175
vt 0.325766 0.899213
vt 0.323311 0.901728
vt 0.322446 0.900810
vt 0.345213 0.509602
vt 0.327035 0.896803
vt 0.327755 0.897841
vt 0.343475 0.481015
vt 0.344825 0.481093
vt 0.329632 0.896510
vt 0.328911 0.895472
vt 0.344963 0.478806
vt 0.343613 0.478728
vt 0.301919 0.951110
vt 0.302706 0.950068
vt 0.345539 0.511880
vt 0.343309 0.507449
vt 0.343373 0.503965
vt 0.322796 0.920675
vt 0.300866 0.920937
vt 0.299641 0.921439
vt 0.297965 0.918838
vt 0.298443 0.917611
vt 0.169179 0.465617
vt 0.167926 0.466018
vt 0.322674 0.927809
vt 0.345594 0.478545
vt 0.344255 0.478728
vt 0.345356 0.517504
vt 0.344317 0.517332
vt 0.344173 0.512191
vt 0.345234 0.512739
vt 0.171289 0.449881
vt 0.169944 0.449750
vt 0.169829 0.446867
vt 0.171180 0.446906
vt 0.345221 0.521253
vt 0.344223 0.521773
vt 0.321575 0.931481
vt 0.321098 0.930340
vt 0.343047 0.521443
vt 0.343174 0.517543
vt 0.293345 0.916458
vt 0.293505 0.917761
vt 0.286922 0.921180
vt 0.286398 0.919978
vt 0.316578 0.932627
vt 0.316703 0.931408
vt 0.343047 0.512709
vt 0.169936 0.442820
vt 0.171289 0.442820
vt 0.333663 0.491089
vt 0.332712 0.491513
vt 0.332523 0.484264
vt 0.333490 0.484448
vt 0.169995 0.532931
vt 0.168645 0.532850
vt 0.168818 0.526424
vt 0.170170 0.526475
vt 0.316412 0.933538
vt 0.309288 0.929949
vt 0.309698 0.929112
vt 0.310168 0.927984
vt 0.332531 0.498781
vt 0.331325 0.498318
vt 0.331504 0.491209
vt 0.283198 0.926100
vt 0.284376 0.926668
vt 0.285648 0.929953
vt 0.284501 0.930590
vt 0.306585 0.923091
vt 0.307681 0.922556
vt 0.331325 0.484437
vt 0.168645 0.520516
vt 0.169997 0.520486
vt 0.170162 0.515815
vt 0.169175 0.516148
vt 0.169149 0.512013
vt 0.170170 0.512494
vt 0.171279 0.456910
vt 0.169940 0.456729
vt 0.169945 0.453874
vt 0.171289 0.453973
vt 0.170095 0.519598
vt 0.169113 0.520486
vt 0.307856 0.918768
vt 0.308937 0.919372
vt 0.167926 0.519847
vt 0.167990 0.515920
vt 0.287876 0.932002
vt 0.288004 0.930688
vt 0.290252 0.930493
vt 0.290742 0.931722
vt 0.311075 0.917417
vt 0.311200 0.918673
vt 0.167990 0.512433
vt 0.169908 0.451619
vt 0.171258 0.451612
vt 0.345631 0.401748
vt 0.344679 0.402252
vt 0.344816 0.397668
vt 0.345758 0.397567
vt 0.169937 0.449919
vt 0.171289 0.449881
vt 0.310965 0.916571
vt 0.314165 0.916886
vt 0.313861 0.917666
vt 0.313400 0.918849
vt 0.167926 0.510441
vt 0.169070 0.509791
vt 0.343602 0.397558
vt 0.343527 0.391367
vt 0.344736 0.391109
vt 0.316661 0.920831
vt 0.315704 0.921667
vt 0.343475 0.401831
vt 0.292591 0.927630
vt 0.293602 0.928487
vt 0.344864 0.439075
vt 0.343515 0.438984
vt 0.343578 0.435342
vt 0.344930 0.435377
vt 0.344885 0.430067
vt 0.343532 0.430087
vt 0.343475 0.419823
vt 0.344828 0.419832
vt 0.294161 0.922085
vt 0.295466 0.922313
vt 0.345687 0.391469
vt 0.318505 0.926902
vt 0.317261 0.927147
vt 0.298799 0.912354
vt 0.297622 0.911746
vt 0.305407 0.895472
vt 0.306585 0.896080
vt 0.344689 0.381153
vt 0.345632 0.381253
vt 0.321845 0.936909
vt 0.320727 0.937512
vt 0.343475 0.381203
vt 0.528722 0.319421
vt 0.528722 0.318080
vt 0.530008 0.317663
vt 0.530803 0.318746
vt 0.530009 0.319833
vt 0.343578 0.402252
vt 0.344930 0.402261
vt 0.344752 0.363265
vt 0.345695 0.363365
vt 0.329632 0.953174
vt 0.328514 0.953777
vt 0.343538 0.363315
vt 0.517580 0.339388
vt 0.524587 0.342086
vt 0.496001 0.320087
vt 0.491531 0.331167
vt 0.484802 0.339232
vt 0.477789 0.341915
vt 0.338541 0.490406
vt 0.338541 0.320411
vt 0.343463 0.320356
vt 0.343463 0.490351
vt 0.168791 0.714251
vt 0.168791 0.873800
vt 0.153940 0.876168
vt 0.153940 0.711814
vt 0.501600 0.616728
vt 0.501498 0.320079
vt 0.500940 0.320079
vt 0.501498 0.617972
vt 0.901565 -0.000000
vt 0.928917 0.000304
vt 0.871559 0.000000
vt 0.343378 0.744435
vt 0.339024 0.720980
vt 0.340516 0.720417
vt 0.345099 0.744140
vt 0.951227 0.001145
vt 0.339024 0.765890
vt 0.341008 0.765900
vt 0.501498 0.658347
vt 0.501577 0.639019
vt 0.843988 0.000304
vt 0.821073 0.001145
vt 0.501382 0.639891
vt 0.500983 0.658012
vt 0.345448 0.439688
vt 0.345448 0.461585
vt 0.343475 0.461223
vt 0.343797 0.439076
vt 0.936650 0.670435
vt 0.930419 0.580778
vt 0.956697 0.580764
vt 0.950465 0.670427
vt -0.000000 0.443648
vt -0.000000 0.353784
vt 0.166103 0.354167
vt 0.166103 0.444032
vt 0.883900 0.670472
vt 0.877642 0.580849
vt 0.904030 0.580844
vt 0.897772 0.670470
vt 0.656663 0.767728
vt 0.656663 0.677849
vt 0.824040 0.677850
vt 0.824040 0.767729
vt 0.956697 0.748190
vt 0.956697 0.580764
vt 0.983077 0.580770
vt 0.983077 0.748195
vt 0.372161 0.832571
vt 0.372160 1.000000
vt 0.345803 0.999995
vt 0.345803 0.832566
vt 0.656978 0.856733
vt 0.824355 0.856734
vt 0.877642 0.760098
vt 0.904030 0.760093
vt 0.001569 0.532415
vt 0.167672 0.532799
vt 0.930419 0.760098
vt 0.956697 0.760084
vt 0.925905 0.409749
vt 0.919674 0.320092
vt 0.945952 0.320079
vt 0.939720 0.409742
vt -0.000000 0.622663
vt -0.000000 0.532799
vt 0.166103 0.533183
vt 0.166104 0.623047
vt 0.133810 0.801442
vt 0.127552 0.711819
vt 0.153940 0.711814
vt 0.147682 0.801440
vt 0.656663 0.588843
vt 0.656663 0.498964
vt 0.824041 0.498965
vt 0.824041 0.588844
vt 0.951236 0.167425
vt 0.951236 -0.000000
vt 0.977615 0.000006
vt 0.977615 0.167431
vt 0.398518 0.832571
vt 0.398518 1.000000
vt 0.372160 0.999995
vt 0.372160 0.832566
vt 0.656978 0.677848
vt 0.824355 0.677849
vt 0.127552 0.891068
vt 0.153940 0.891063
vt 0.001569 0.711431
vt 0.167672 0.711814
vt 0.919674 0.499412
vt 0.945952 0.499398
vt 0.936540 0.849768
vt 0.930308 0.760111
vt 0.956587 0.760098
vt 0.950355 0.849761
vt 0.653400 0.089864
vt 0.653400 0.000000
vt 0.819504 0.000383
vt 0.819504 0.090248
vt 0.910288 0.670472
vt 0.904030 0.580849
vt 0.930419 0.580844
vt 0.924161 0.670470
vt 0.488971 0.748227
vt 0.488971 0.658348
vt 0.656349 0.658349
vt 0.656349 0.748228
vt 0.956587 0.927523
vt 0.956587 0.760098
vt 0.982966 0.760103
vt 0.982966 0.927528
vt 0.424875 0.832571
vt 0.424875 1.000000
vt 0.398518 0.999995
vt 0.398518 0.832566
vt 0.489286 0.837232
vt 0.656663 0.837233
vt 0.904030 0.760098
vt 0.930419 0.760093
vt 0.654969 0.178632
vt 0.821073 0.179015
vt 0.930308 0.939431
vt 0.956587 0.939417
vt 0.910262 0.849768
vt 0.904030 0.760111
vt 0.930308 0.760098
vt 0.924077 0.849761
vt 0.171351 0.713885
vt 0.171351 0.624021
vt 0.337455 0.624404
vt 0.337455 0.714269
vt 0.311195 0.409985
vt 0.304937 0.320362
vt 0.331325 0.320356
vt 0.325067 0.409982
vt 0.656663 0.409958
vt 0.656663 0.320079
vt 0.824041 0.320080
vt 0.824041 0.409959
vt 0.945952 0.487504
vt 0.945952 0.320078
vt 0.972331 0.320084
vt 0.972331 0.487509
vt 0.998689 0.320083
vt 0.998689 0.487513
vt 0.972331 0.487508
vt 0.972331 0.320078
vt 0.656978 0.498963
vt 0.824355 0.498964
vt 0.304937 0.499610
vt 0.331325 0.499605
vt 0.172920 0.802652
vt 0.339024 0.803036
vt 0.904030 0.939431
vt 0.930308 0.939417
vt 0.325108 0.611469
vt 0.329676 0.601582
vt 0.340817 0.618907
vt 0.785334 0.307212
vt 0.793473 0.300412
vt 0.800197 0.307212
vt 0.796214 0.318215
vt 0.787028 0.318215
vt 0.465564 0.917964
vt 0.459063 0.911432
vt 0.473614 0.895837
vt 0.340817 0.600846
vt 0.476516 0.947045
vt 0.476516 0.918735
vt 0.488227 0.918584
vt 0.488227 0.946894
vt 0.834456 0.178989
vt 0.834456 0.156566
vt 0.846184 0.156408
vt 0.846184 0.178831
vt 0.476516 0.918229
vt 0.459063 0.941647
vt 0.470016 0.941912
vt 0.171351 0.944890
vt 0.171351 0.916342
vt 0.180581 0.915018
vt 0.180581 0.943566
vt 0.481906 0.895837
vt 0.343317 0.922255
vt 0.329632 0.922334
vt 0.336287 0.895472
vt 0.190318 0.916214
vt 0.190318 0.944762
vt 0.946937 0.528385
vt 0.934120 0.529879
vt 0.937518 0.502428
vt 0.329632 0.954742
vt 0.343317 0.954663
vt 0.528491 0.945091
vt 0.528491 0.914481
vt 0.542094 0.915132
vt 0.542094 0.945742
vt 0.954442 0.523057
vt 0.516911 0.927841
vt 0.516911 0.896084
vt 0.528491 0.898629
vt 0.528491 0.930386
vt 0.941625 0.561088
vt 0.954442 0.559594
vt 0.834456 0.176747
vt 0.821073 0.176747
vt 0.824083 0.156408
vt 0.304937 0.611978
vt 0.312641 0.600846
vt 0.325108 0.603357
vt 0.325108 0.616041
vt 0.312642 0.621369
vt 0.324885 0.541507
vt 0.304937 0.542388
vt 0.323593 0.499610
vt 0.141423 0.929248
vt 0.127552 0.910163
vt 0.141423 0.891068
vt 0.163867 0.898351
vt 0.163867 0.921948
vt 0.506392 0.930895
vt 0.506392 0.899138
vt 0.799529 0.956609
vt 0.799529 0.898403
vt 0.822809 0.898742
vt 0.822809 0.956949
vt 0.862634 0.970478
vt 0.862634 0.912050
vt 0.883938 0.911993
vt 0.883938 0.970421
vt 0.534248 0.896084
vt 0.324885 0.599793
vt 0.343047 0.542559
vt 0.343047 0.600846
vt 0.000000 0.972954
vt 0.000000 0.914549
vt 0.022672 0.914361
vt 0.022672 0.972766
vt 0.304937 0.600674
vt 0.015851 0.871519
vt 0.866294 0.868538
vt 0.808492 0.856734
s 0
usemtl 
f 16/1/1 39/2/1 37/3/1 14/4/1
f 686/5/2 682/6/2 680/7/2 684/8/2
f 687/9/3 683/10/3 682/6/3 686/5/3
f 685/11/4 681/12/4 683/10/4 687/9/4
f 682/6/5 2/13/5 4/14/5 680/7/5
f 683/10/6 1/15/6 2/13/6 682/6/6
f 681/12/7 3/16/7 1/15/7 683/10/7
f 2/17/8 10/18/8 12/19/8 4/20/8
f 1/21/9 9/22/9 10/18/9 2/17/9
f 3/23/10 11/24/10 9/22/10 1/21/10
f 10/18/11 5/25/11 7/26/11 12/19/11
f 9/22/12 6/27/12 5/25/12 10/18/12
f 11/24/13 8/28/13 6/27/13 9/22/13
f 17/29/14 13/30/14 15/31/14 19/32/14
f 18/33/15 14/4/15 13/30/15 17/29/15
f 20/34/16 16/1/16 14/4/16 18/33/16
f 21/35/17 17/29/17 19/32/17 23/36/17
f 22/37/18 18/33/18 17/29/18 21/35/18
f 24/38/19 20/34/19 18/33/19 22/37/19
f 25/39/20 21/40/20 23/41/20 27/42/20
f 26/43/21 22/44/21 21/40/21 25/39/21
f 28/45/22 24/46/22 22/44/22 26/43/22
f 30/47/23 25/39/23 27/42/23 32/48/23
f 29/49/24 26/43/24 25/39/24 30/47/24
f 31/50/25 28/45/25 26/43/25 29/49/25
f 38/51/26 33/52/26 35/53/26 40/54/26
f 37/55/27 34/56/27 33/57/27 38/58/27
f 39/59/28 36/60/28 34/56/28 37/55/28
f 51/61/29 52/62/29 46/63/29 47/64/29 48/65/29 49/66/29 50/67/29 44/68/29 45/69/29 43/70/29 42/71/29 41/72/29
f 74/73/30 70/74/30 57/75/30 56/76/30
f 86/77/31 88/78/31 64/79/31 63/80/31
f 72/81/32 86/82/32 63/83/32 53/84/32
f 80/85/33 78/86/33 60/87/33 59/88/33
f 66/89/34 72/81/34 53/84/34 54/90/34
f 84/91/35 80/85/35 59/88/35 58/92/35
f 88/93/36 84/91/36 58/92/36 64/94/36
f 70/74/37 68/95/37 55/96/37 57/75/37
f 76/97/38 82/98/38 62/99/38 61/100/38
f 82/98/39 74/73/39 56/76/39 62/99/39
f 68/101/40 66/89/40 54/90/40 55/102/40
f 67/103/40 90/104/40 91/105/40 65/106/40
f 69/107/37 89/108/37 90/109/37 67/110/37
f 65/106/34 91/105/34 93/111/34 71/112/34
f 73/113/30 92/114/30 89/108/30 69/107/30
f 96/115/41 75/116/41 77/117/41 95/118/41
f 95/119/33 77/120/33 79/121/33 94/122/33
f 98/123/38 81/124/38 75/116/38 96/115/38
f 92/114/39 73/113/39 81/124/39 98/123/39
f 94/122/35 79/121/35 83/125/35 97/126/35
f 99/127/32 85/128/32 71/112/32 93/111/32
f 78/129/41 76/97/41 61/100/41 60/130/41
f 100/131/31 87/132/31 85/133/31 99/134/31
f 97/126/36 83/125/36 87/135/36 100/136/36
f 71/137/42 85/138/42 86/139/42 72/140/42
f 74/141/43 82/142/43 81/143/43 73/144/43
f 84/145/44 88/146/44 87/147/44 83/148/44
f 72/140/45 66/149/45 65/150/45 71/137/45
f 66/149/46 68/151/46 67/152/46 65/150/46
f 68/151/47 70/153/47 69/154/47 67/152/47
f 70/153/48 74/141/48 73/144/48 69/154/48
f 80/155/49 84/145/49 83/148/49 79/156/49
f 78/157/50 80/155/50 79/156/50 77/158/50
f 76/159/51 78/157/51 77/158/51 75/160/51
f 82/142/52 76/159/52 75/160/52 81/143/52
f 88/146/53 86/139/53 85/138/53 87/147/53
f 100/161/54 99/162/54 93/163/54 91/164/54 90/165/54 89/166/54 92/167/54 98/168/54 96/169/54 95/170/54 94/171/54 97/172/54
f 104/173/55 108/174/55 110/175/55 106/176/55
f 106/177/56 110/178/56 109/179/56 105/180/56
f 107/181/57 102/182/57 136/183/57 135/184/57
f 101/185/58 105/180/58 109/179/58 103/186/58
f 121/187/59 115/188/59 116/189/59 122/190/59
f 122/190/60 116/189/60 114/191/60 120/192/60
f 118/193/61 121/194/61 122/195/61 119/196/61
f 119/197/62 122/198/62 120/199/62 117/200/62
f 117/200/63 112/201/63 113/202/63 119/197/63
f 119/196/64 113/203/64 111/204/64 118/193/64
f 112/201/65 117/200/65 105/205/65 101/206/65
f 135/207/66 136/208/66 138/209/66 137/210/66
f 114/191/67 104/173/67 106/176/67 120/192/67
f 120/199/68 106/211/68 105/205/68 117/200/68
f 126/212/69 132/213/69 134/214/69 128/215/69
f 128/215/70 134/214/70 133/216/70 127/217/70
f 132/218/71 129/219/71 131/220/71 134/221/71
f 134/222/72 131/223/72 130/224/72 133/225/72
f 123/226/73 130/224/73 131/223/73 125/227/73
f 125/228/74 131/220/74 129/219/74 124/229/74
f 101/230/54 103/231/54 123/232/54 125/233/54 124/234/54 111/235/54 113/236/54 112/237/54
f 103/238/75 109/239/75 130/224/75 123/226/75
f 118/193/76 111/204/76 213/240/76 214/241/76
f 116/189/29 115/188/29 295/242/29 296/243/29
f 108/174/77 127/217/77 133/216/77 110/175/77
f 126/212/78 115/188/78 121/187/78 132/213/78
f 132/218/79 121/194/79 118/193/79 129/219/79
f 110/244/80 133/225/80 130/224/80 109/239/80
f 137/245/54 138/246/54 140/247/54 139/248/54
f 138/249/36 136/250/36 102/251/36 142/252/36 140/253/36
f 139/254/81 140/255/81 142/256/81 141/257/81
f 141/258/82 142/259/82 102/182/82 107/181/82
f 135/260/32 137/261/32 139/262/32 141/263/32 107/264/32
f 144/265/83 143/266/83 146/267/83 145/268/83
f 145/269/66 146/270/66 148/271/66 147/272/66
f 147/273/54 148/274/54 150/275/54 149/276/54
f 148/277/36 146/278/36 143/279/36 152/280/36 150/281/36
f 149/282/81 150/283/81 152/284/81 151/285/81
f 151/286/84 152/287/84 143/266/84 144/265/84
f 145/288/32 147/289/32 149/290/32 151/291/32 144/292/32
f 154/293/57 153/294/57 156/295/57 155/296/57
f 155/297/85 156/298/85 158/299/85 157/300/85
f 157/301/54 158/302/54 160/303/54 159/304/54
f 158/305/36 156/306/36 153/307/36 162/308/36 160/309/36
f 159/310/86 160/311/86 162/312/86 161/313/86
f 161/314/82 162/315/82 153/294/82 154/293/82
f 155/316/32 157/317/32 159/318/32 161/319/32 154/320/32
f 164/321/57 163/322/57 166/323/57 165/324/57
f 165/325/87 166/326/87 168/327/87 167/328/87
f 167/329/54 168/330/54 170/331/54 169/332/54
f 168/333/36 166/334/36 163/335/36 172/336/36 170/337/36
f 169/338/81 170/339/81 172/340/81 171/341/81
f 171/342/82 172/343/82 163/322/82 164/321/82
f 165/344/32 167/345/32 169/346/32 171/347/32 164/348/32
f 174/349/57 173/350/57 176/351/57 175/352/57
f 175/353/66 176/354/66 178/355/66 177/356/66
f 177/357/54 178/358/54 180/359/54 179/360/54
f 178/361/36 176/362/36 173/363/36 182/364/36 180/365/36
f 179/366/86 180/367/86 182/368/86 181/369/86
f 181/370/82 182/371/82 173/350/82 174/349/82
f 175/372/32 177/373/32 179/374/32 181/375/32 174/376/32
f 184/377/57 183/378/57 186/379/57 185/380/57
f 185/381/66 186/382/66 188/383/66 187/384/66
f 187/385/54 188/386/54 190/387/54 189/388/54
f 188/389/36 186/390/36 183/391/36 192/392/36 190/393/36
f 189/394/81 190/395/81 192/396/81 191/397/81
f 191/398/82 192/399/82 183/378/82 184/377/82
f 185/400/32 187/401/32 189/402/32 191/403/32 184/404/32
f 194/405/57 193/406/57 196/407/57 195/408/57
f 195/409/66 196/410/66 198/411/66 197/412/66
f 197/413/54 198/414/54 200/415/54 199/416/54
f 198/417/36 196/418/36 193/419/36 202/420/36 200/421/36
f 199/422/81 200/423/81 202/424/81 201/425/81
f 201/426/82 202/427/82 193/406/82 194/405/82
f 195/428/32 197/429/32 199/430/32 201/431/32 194/432/32
f 204/433/57 203/434/57 206/435/57 205/436/57
f 205/437/66 206/438/66 208/439/66 207/440/66
f 207/441/54 208/442/54 210/443/54 209/444/54
f 208/445/36 206/446/36 203/447/36 212/448/36 210/449/36
f 209/450/81 210/451/81 212/452/81 211/453/81
f 211/454/82 212/455/82 203/434/82 204/433/82
f 205/456/32 207/457/32 209/458/32 211/459/32 204/460/32
f 215/461/88 214/241/88 218/462/88 219/463/88
f 129/219/36 118/193/36 214/241/36 215/461/36
f 111/204/36 124/229/36 216/464/36 213/240/36
f 124/229/76 129/219/76 215/461/76 216/464/76
f 220/465/89 219/466/89 223/467/89 224/468/89
f 216/464/90 215/461/90 219/463/90 220/469/90
f 213/470/91 216/471/91 220/472/91 217/473/91
f 214/241/92 213/240/92 217/474/92 218/462/92
f 221/475/93 224/476/93 228/477/93 225/478/93
f 217/473/94 220/472/94 224/479/94 221/480/94
f 218/481/95 217/482/95 221/483/95 222/484/95
f 219/485/96 218/486/96 222/487/96 223/488/96
f 227/489/54 226/490/54 230/491/54 231/492/54
f 222/493/97 221/475/97 225/478/97 226/494/97
f 223/495/98 222/493/98 226/494/98 227/496/98
f 224/476/99 223/495/99 227/496/99 228/477/99
f 232/497/100 231/498/100 230/499/100 229/500/100
f 228/501/101 227/502/101 231/503/101 232/504/101
f 225/505/29 228/506/29 232/507/29 229/508/29
f 226/509/102 225/510/102 229/511/102 230/512/102
f 240/513/32 238/514/32 236/515/32 234/516/32 241/517/32
f 234/518/82 233/519/82 242/520/82 241/521/82
f 236/522/103 235/523/103 233/524/103 234/525/103
f 237/526/36 239/527/36 242/528/36 233/529/36 235/530/36
f 238/531/54 237/532/54 235/533/54 236/534/54
f 240/535/104 239/536/104 237/537/104 238/538/104
f 241/521/57 242/520/57 239/539/57 240/540/57
f 244/541/57 243/542/57 246/543/57 245/544/57
f 245/545/104 246/546/104 248/547/104 247/548/104
f 247/549/54 248/550/54 250/551/54 249/552/54
f 248/553/36 246/554/36 243/555/36 252/556/36 250/557/36
f 249/558/103 250/559/103 252/560/103 251/561/103
f 251/562/82 252/563/82 243/542/82 244/541/82
f 245/564/32 247/565/32 249/566/32 251/567/32 244/568/32
f 254/569/57 253/570/57 256/571/57 255/572/57
f 255/573/104 256/574/104 258/575/104 257/576/104
f 257/577/54 258/578/54 260/579/54 259/580/54
f 258/581/36 256/582/36 253/583/36 262/584/36 260/585/36
f 259/586/103 260/587/103 262/588/103 261/589/103
f 261/590/82 262/591/82 253/570/82 254/569/82
f 255/592/32 257/593/32 259/594/32 261/595/32 254/596/32
f 264/597/57 263/598/57 266/599/57 265/600/57
f 265/601/104 266/602/104 268/603/104 267/604/104
f 267/605/54 268/606/54 270/607/54 269/608/54
f 268/609/36 266/610/36 263/611/36 272/612/36 270/613/36
f 269/614/103 270/615/103 272/616/103 271/617/103
f 271/618/82 272/619/82 263/598/82 264/597/82
f 265/620/32 267/621/32 269/622/32 271/623/32 264/624/32
f 274/625/57 273/626/57 276/627/57 275/628/57
f 275/629/104 276/630/104 278/631/104 277/632/104
f 277/633/54 278/634/54 280/635/54 279/636/54
f 278/637/36 276/638/36 273/639/36 282/640/36 280/641/36
f 279/642/103 280/643/103 282/644/103 281/645/103
f 281/646/82 282/647/82 273/626/82 274/625/82
f 275/648/32 277/649/32 279/650/32 281/651/32 274/652/32
f 284/653/83 283/654/83 286/655/83 285/656/83
f 285/657/66 286/658/66 288/659/66 287/660/66
f 287/661/54 288/662/54 290/663/54 289/664/54
f 288/665/36 286/666/36 283/667/36 292/668/36 290/669/36
f 289/670/103 290/671/103 292/672/103 291/673/103
f 291/674/82 292/675/82 283/654/82 284/653/82
f 285/676/32 287/677/32 289/678/32 291/679/32 284/680/32
f 296/681/105 295/682/105 303/683/105 304/684/105
f 127/217/29 108/174/29 294/685/29 300/686/29
f 128/215/29 127/217/29 300/686/29 298/687/29
f 114/191/29 116/189/29 296/243/29 297/688/29
f 115/188/29 126/212/29 299/689/29 295/242/29
f 126/212/29 128/215/29 298/687/29 299/689/29
f 108/174/29 104/173/29 293/690/29 294/685/29
f 104/173/29 114/191/29 297/688/29 293/690/29
f 302/691/29 301/692/29 305/693/29 304/694/29 303/695/29 307/696/29 306/697/29 308/698/29
f 300/699/106 294/700/106 302/701/106 308/702/106
f 299/703/107 298/704/107 306/705/107 307/706/107
f 297/707/108 296/708/108 304/709/108 305/710/108
f 294/711/109 293/712/109 301/713/109 302/714/109
f 295/682/110 299/703/110 307/706/110 303/683/110
f 298/715/111 300/699/111 308/702/111 306/716/111
f 293/717/112 297/707/112 305/710/112 301/718/112
f 321/719/36 324/720/36 323/721/36
f 324/720/36 322/722/36 323/721/36
f 331/723/36 334/724/36 333/725/36
f 334/724/36 332/726/36 333/725/36
f 335/727/113 338/728/113 337/729/113
f 338/728/36 336/730/36 337/729/36
f 345/731/113 348/732/113 347/733/113
f 348/732/36 346/734/36 347/733/36
f 321/719/114 325/735/114 327/736/114 324/720/114
f 324/720/115 327/736/115 326/737/115 322/722/115
f 329/738/116 332/726/116 334/724/116 330/739/116
f 330/739/117 334/724/117 331/723/117 328/740/117
f 335/727/118 339/741/118 341/742/118 338/728/118
f 338/728/119 341/742/119 340/743/119 336/730/119
f 343/744/120 346/734/120 348/732/120 344/745/120
f 344/745/121 348/732/121 345/731/121 342/746/121
f 309/747/122 326/748/122 327/749/122 311/750/122
f 311/751/123 327/752/123 325/753/123 310/754/123
f 342/755/124 319/756/124 320/757/124 344/758/124
f 344/759/125 320/760/125 318/761/125 343/762/125
f 312/763/126 329/764/126 330/765/126 314/766/126
f 314/767/127 330/768/127 328/769/127 313/770/127
f 315/771/128 340/772/128 341/773/128 317/774/128
f 317/775/129 341/776/129 339/777/129 316/778/129
f 444/779/39 326/748/39 309/747/39 446/780/39
f 318/781/130 320/782/130 319/783/130 441/784/130 446/785/130 309/786/130 311/787/130 310/788/130
f 325/753/29 343/762/29 318/761/29 310/754/29
f 339/777/54 329/764/54 312/763/54 316/778/54
f 439/789/31 340/772/31 315/771/31 438/790/31
f 321/791/131 346/792/131 343/762/131 325/753/131
f 436/793/132 328/740/132 331/723/132 437/794/132
f 335/795/133 332/796/133 329/764/133 339/777/133
f 442/797/134 342/755/134 345/798/134 443/799/134
f 349/800/135 350/801/135 351/802/135
f 352/803/136 353/804/136 354/805/136
f 355/806/137 356/807/137 357/808/137
f 358/809/32 359/810/32 360/811/32
f 363/812/138 364/813/138 365/814/138
f 368/815/36 369/816/36 370/817/36
f 375/818/36 376/819/36 377/820/36
f 384/821/36 385/822/36 386/823/36
f 367/824/139 364/813/139 363/812/139 366/825/139
f 368/815/140 373/826/140 374/827/140 369/816/140
f 362/828/141 367/829/141 366/830/141 361/831/141
f 373/832/142 371/833/142 372/834/142 374/835/142
f 388/836/143 385/822/143 384/821/143 387/837/143
f 375/818/144 380/838/144 381/839/144 376/819/144
f 383/840/145 388/841/145 387/842/145 382/843/145
f 380/844/146 378/845/146 379/846/146 381/847/146
f 361/831/147 350/848/147 349/849/147 362/828/147
f 355/850/148 379/846/148 378/845/148 356/851/148
f 371/852/149 353/853/149 352/854/149 372/855/149
f 382/843/150 359/856/150 358/857/150 383/840/150
f 361/831/151 372/834/151 352/858/151 350/848/151
f 349/859/152 356/860/152 378/861/152 362/862/152
f 358/857/153 353/853/153 371/852/153 383/840/153
f 355/850/154 359/863/154 382/864/154 379/846/154
f 362/862/155 378/861/155 380/865/155 367/866/155
f 366/830/156 374/835/156 372/834/156 361/831/156
f 367/824/157 380/838/157 375/818/157 364/813/157
f 363/812/158 369/816/158 374/827/158 366/825/158
f 365/814/36 364/813/36 375/818/36 377/820/36 347/733/36 346/734/36 321/719/36 323/721/36
f 370/817/36 369/816/36 363/812/36 365/814/36 323/721/36 322/722/36 445/867/36 431/868/36 437/794/36 331/723/36 333/725/36
f 388/836/159 373/826/159 368/815/159 385/822/159
f 386/823/36 385/822/36 368/815/36 370/817/36 333/725/36 332/726/36 335/727/36 337/729/36
f 383/840/160 371/852/160 373/869/160 388/841/160
f 377/820/36 376/819/36 384/821/36 386/823/36 337/729/36 336/730/36 440/870/36 434/871/36 443/872/36 345/731/36 347/733/36
f 384/821/161 376/819/161 381/839/161 387/837/161
f 387/873/162 381/847/162 379/846/162 382/864/162
f 389/874/32 392/875/32 391/876/32
f 392/875/32 390/877/32 391/876/32
f 393/878/32 396/879/32 395/880/32
f 396/879/32 394/881/32 395/880/32
f 397/882/32 400/883/32 399/884/32
f 400/883/32 398/885/32 399/884/32
f 401/886/32 404/887/32 403/888/32
f 404/887/32 402/889/32 403/888/32
f 351/802/32 350/801/32 352/803/32 354/805/32 391/876/32 390/877/32 393/878/32 395/880/32
f 354/805/32 353/804/32 358/809/32 360/811/32 403/888/32 402/889/32 389/874/32 391/876/32
f 357/808/32 356/807/32 349/800/32 351/802/32 395/880/32 394/881/32 397/882/32 399/884/32
f 360/811/32 359/810/32 355/806/32 357/808/32 399/884/32 398/885/32 401/886/32 403/888/32
f 407/890/163 409/891/163 410/892/163 408/893/163
f 409/891/164 405/894/164 406/895/164 410/892/164
f 415/896/165 411/897/165 412/898/165 416/899/165
f 413/900/166 415/896/166 416/899/166 414/901/166
f 419/902/167 421/903/167 422/904/167 420/905/167
f 421/903/168 417/906/168 418/907/168 422/904/168
f 427/908/169 423/909/169 424/910/169 428/911/169
f 425/912/170 427/908/170 428/911/170 426/913/170
f 423/909/171 407/890/171 408/893/171 424/910/171
f 405/894/172 413/900/172 414/901/172 406/895/172
f 411/897/173 419/902/173 420/905/173 412/898/173
f 417/906/174 425/912/174 426/913/174 418/907/174
f 411/897/32 415/896/32 413/900/32 405/894/32 409/891/32 407/890/32 423/909/32 427/908/32 425/912/32 417/906/32 421/903/32 419/902/32
f 392/914/175 410/915/175 406/916/175 390/917/175
f 393/918/176 390/917/176 406/916/176 414/919/176
f 389/920/177 402/921/177 424/922/177 408/923/177
f 389/920/178 408/923/178 410/924/178 392/925/178
f 412/926/179 394/927/179 396/928/179 416/929/179
f 397/930/180 394/927/180 412/926/180 420/931/180
f 416/932/181 396/933/181 393/918/181 414/919/181
f 400/934/182 422/935/182 418/936/182 398/937/182
f 401/938/183 398/937/183 418/936/183 426/939/183
f 397/930/184 420/931/184 422/940/184 400/941/184
f 424/922/185 402/921/185 404/942/185 428/943/185
f 428/944/186 404/945/186 401/938/186 426/939/186
f 444/946/132 429/947/132 431/868/132 445/867/132
f 436/948/39 429/949/39 430/950/39 435/951/39
f 439/789/134 433/952/134 434/953/134 440/954/134
f 442/797/31 433/952/31 432/955/31 441/956/31
f 328/769/39 436/948/39 435/951/39 313/770/39
f 430/957/187 432/958/187 438/959/187 435/960/187
f 429/947/132 436/793/132 437/794/132 431/868/132
f 340/772/134 439/789/134 440/954/134 336/961/134
f 433/952/31 439/789/31 438/790/31 432/955/31
f 342/755/31 442/797/31 441/956/31 319/756/31
f 433/952/134 442/797/134 443/799/134 434/953/134
f 326/737/132 444/946/132 445/867/132 322/722/132
f 429/949/39 444/779/39 446/780/39 430/950/39
f 435/960/188 438/959/188 315/962/188 317/963/188 316/964/188 312/965/188 314/966/188 313/967/188
f 446/785/189 441/784/189 432/958/189 430/957/189
f 452/968/190 454/969/190 447/970/190 448/971/190
f 453/972/191 456/973/191 450/974/191 451/975/191
f 449/976/192 448/977/192 447/978/192 451/979/192 450/980/192
f 457/981/193 459/982/193 452/983/193 455/984/193
f 459/985/194 458/986/194 454/969/194 452/968/194
f 455/984/195 452/983/195 448/987/195 449/988/195
f 460/989/196 457/990/196 455/991/196 456/973/196
f 456/973/197 455/991/197 449/992/197 450/974/197
f 465/993/198 464/994/198 459/982/198 457/981/198
f 462/995/199 466/996/199 460/997/199 461/998/199
f 458/999/200 461/1000/200 453/1001/200 454/1002/200
f 464/1003/201 463/1004/201 458/1005/201 459/1006/201
f 461/1007/202 460/989/202 456/973/202 453/972/202
f 469/1008/203 468/1009/203 463/1004/203 464/1003/203
f 471/1010/31 479/1011/31 477/1012/31 475/1013/31 473/1014/31
f 466/996/204 465/1015/204 457/1016/204 460/997/204
f 471/1017/205 470/1018/205 478/1019/205 479/1020/205
f 467/1021/206 480/1022/206 466/996/206 462/995/206
f 473/1023/207 472/1024/207 470/1025/207 471/1026/207
f 468/1027/208 467/1028/208 462/1029/208 463/1030/208
f 476/1031/209 478/1019/209 480/1022/209 467/1021/209
f 474/1032/210 476/1033/210 467/1028/210 468/1027/210
f 472/1034/36 474/1035/36 468/1009/36 469/1008/36
f 463/1030/211 462/1029/211 461/1000/211 458/999/211
f 477/1036/212 476/1033/212 474/1032/212 475/1037/212
f 475/1038/36 474/1035/36 472/1034/36 473/1039/36
f 470/1025/213 472/1024/213 469/1040/213 481/1041/213
f 479/1020/214 478/1019/214 476/1031/214 477/1042/214
f 478/1019/215 470/1018/215 481/1043/215 480/1022/215
f 481/1041/216 469/1040/216 464/994/216 465/993/216
f 480/1022/217 481/1043/217 465/1015/217 466/996/217
f 454/1002/218 453/1001/218 451/1044/218 447/1045/218
f 485/1046/54 487/1047/54 486/1048/54 491/1049/54 493/1050/54 492/1051/54 488/1052/54 490/1053/54 489/1054/54 482/1055/54 484/1056/54 483/1057/54
f 496/1058/219 498/1059/219 499/1060/219 497/1061/219
f 498/1059/220 494/1062/220 495/1063/220 499/1060/220
f 504/1064/221 500/1065/221 501/1066/221 505/1067/221
f 502/1068/222 504/1064/222 505/1067/222 503/1069/222
f 516/1070/223 512/1071/223 513/1072/223 517/1073/223
f 514/1074/224 516/1070/224 517/1073/224 515/1075/224
f 510/1076/225 506/1077/225 507/1078/225 511/1079/225
f 508/1080/226 510/1076/226 511/1079/226 509/1081/226
f 494/1062/227 502/1068/227 503/1069/227 495/1063/227
f 506/1077/228 496/1058/228 497/1061/228 507/1078/228
f 509/1081/43 513/1072/43 512/1071/43 508/1080/43
f 515/1075/229 501/1066/229 500/1065/229 514/1074/229
f 512/1071/29 516/1070/29 514/1074/29 500/1065/29 504/1064/29 502/1068/29 494/1062/29 498/1059/29 496/1058/29 506/1077/29 510/1076/29 508/1080/29
f 484/1082/230 499/1083/230 495/1084/230 483/1085/230
f 483/1085/31 495/1084/31 503/1086/31 485/1087/31
f 489/1088/36 507/1089/36 497/1090/36 482/1091/36
f 482/1091/231 497/1090/231 499/1092/231 484/1093/231
f 501/1094/232 486/1095/232 487/1096/232 505/1097/232
f 486/1095/32 501/1094/32 515/1098/32 491/1099/32
f 505/1100/233 487/1101/233 485/1087/233 503/1086/233
f 507/1089/234 489/1088/234 490/1102/234 511/1103/234
f 511/1104/235 490/1105/235 488/1106/235 509/1107/235
f 492/1108/39 513/1109/39 509/1107/39 488/1106/39
f 513/1109/236 492/1108/236 493/1110/236 517/1111/236
f 517/1112/237 493/1113/237 491/1099/237 515/1098/237
f 519/1114/238 518/1115/238 537/1116/238 534/1117/238
f 528/1118/239 520/1119/239 519/1120/239 532/1121/239
f 520/1119/240 521/1122/240 523/1123/240 522/1124/240
f 532/1125/241 519/1114/241 534/1117/241 533/1126/241
f 524/1127/242 526/1128/242 531/1129/242 530/1130/242
f 522/1131/243 523/1132/243 525/1133/243 524/1134/243
f 535/1135/244 533/1136/244 538/1137/244 540/1138/244
f 522/1131/245 524/1134/245 530/1139/245 518/1140/245
f 524/1127/29 525/1141/29 527/1142/29 526/1128/29
f 523/1143/32 521/1144/32 529/1145/32 527/1146/32 525/1147/32
f 531/1148/246 532/1149/246 533/1136/246 535/1135/246
f 526/1150/247 527/1151/247 529/1152/247 528/1153/247
f 518/1140/248 530/1139/248 536/1154/248 537/1155/248
f 526/1150/249 528/1153/249 532/1149/249 531/1148/249
f 528/1118/250 529/1156/250 521/1122/250 520/1119/250
f 520/1119/251 522/1124/251 518/1157/251 519/1120/251
f 530/1158/252 531/1159/252 535/1160/252 536/1161/252
f 539/1162/253 542/1163/253 541/1164/253 540/1165/253 538/1166/253
f 534/1167/254 537/1168/254 542/1169/254 539/1170/254
f 536/1171/255 535/1172/255 540/1173/255 541/1174/255
f 533/1175/256 534/1167/256 539/1170/256 538/1176/256
f 537/1155/257 536/1154/257 541/1177/257 542/1178/257
f 568/1179/258 556/1180/258 546/1181/258 562/1182/258
f 566/1183/259 552/1184/259 550/1185/259 563/1186/259
f 567/1187/260 558/1188/260 548/1189/260 564/1190/260
f 565/1191/261 554/1192/261 544/1193/261 561/1194/261
f 560/1195/262 557/1196/262 547/1197/262 553/1198/262
f 559/1199/263 556/1200/263 544/1201/263 554/1202/263
f 558/1203/264 559/1199/264 554/1202/264 548/1204/264
f 555/1205/262 560/1195/262 553/1198/262 543/1206/262
f 564/1207/265 548/1204/265 554/1202/265 565/1208/265
f 562/1209/266 546/1210/266 552/1184/266 566/1183/266
f 545/1211/54 551/1212/54 560/1195/54 555/1205/54
f 550/1213/267 552/1214/267 559/1199/267 558/1203/267
f 552/1214/268 546/1215/268 556/1200/268 559/1199/268
f 551/1212/54 549/1216/54 557/1196/54 560/1195/54
f 563/1217/269 550/1218/269 558/1188/269 567/1187/269
f 561/1219/270 544/1220/270 556/1180/270 568/1179/270
f 543/1221/271 561/1219/271 568/1179/271 555/1222/271
f 549/1223/272 563/1217/272 567/1187/272 557/1224/272
f 545/1225/273 562/1209/273 566/1183/273 551/1226/273
f 547/1197/274 564/1227/274 565/1228/274 553/1198/274
f 553/1198/275 565/1228/275 561/1229/275 543/1206/275
f 557/1224/276 567/1187/276 564/1190/276 547/1230/276
f 551/1226/277 566/1183/277 563/1186/277 549/1231/277
f 555/1222/278 568/1179/278 562/1182/278 545/1232/278
f 569/1233/279 570/1234/279 572/1235/279 571/1236/279
f 575/1237/280 574/1238/280 573/1239/280 576/1240/280
f 579/1241/281 578/1242/281 577/1243/281 580/1244/281
f 571/1245/282 572/1246/282 580/1244/282 577/1243/282
f 578/1247/283 579/1248/283 576/1240/283 573/1239/283
f 581/1249/284 584/1250/284 583/1251/284 582/1252/284
f 581/1253/285 582/1254/285 569/1255/285 571/1256/285 577/1257/285 578/1258/285 573/1259/285 574/1260/285
f 582/1252/286 583/1251/286 570/1261/286 569/1262/286
f 574/1263/287 575/1264/287 584/1250/287 581/1249/287
f 570/1265/288 583/1266/288 584/1267/288 575/1268/288 576/1269/288 579/1270/288 580/1271/288 572/1272/288
f 590/1273/289 592/1274/289 585/1275/289 586/1276/289
f 591/1277/290 594/1278/290 588/1279/290 589/1280/290
f 589/1280/291 588/1279/291 623/1281/291 624/1282/291
f 595/1283/292 597/1284/292 590/1285/292 593/1286/292
f 597/1287/293 596/1288/293 592/1274/293 590/1273/293
f 593/1286/294 590/1285/294 586/1289/294 587/1290/294
f 598/1291/295 595/1292/295 593/1293/295 594/1294/295
f 594/1294/296 593/1293/296 587/1295/296 588/1296/296
f 603/1297/297 602/1298/297 597/1284/297 595/1283/297
f 600/1299/298 604/1300/298 598/1301/298 599/1302/298
f 596/1303/299 599/1304/299 591/1277/299 592/1305/299
f 602/1306/300 601/1307/300 596/1308/300 597/1309/300
f 599/1304/301 598/1310/301 594/1278/301 591/1277/301
f 607/1311/302 606/1312/302 601/1307/302 602/1306/302
f 609/1313/303 617/1314/303 615/1315/303 613/1316/303 611/1317/303
f 604/1318/304 603/1319/304 595/1292/304 598/1291/304
f 609/1320/305 608/1321/305 616/1322/305 617/1323/305
f 605/1324/306 618/1325/306 604/1300/306 600/1299/306
f 611/1326/307 610/1327/307 608/1328/307 609/1329/307
f 606/1330/308 605/1331/308 600/1332/308 601/1333/308
f 614/1334/309 616/1322/309 618/1325/309 605/1324/309
f 612/1335/310 614/1336/310 605/1331/310 606/1330/310
f 610/1337/311 612/1338/311 606/1312/311 607/1311/311
f 601/1333/312 600/1332/312 599/1304/312 596/1303/312
f 615/1339/313 614/1336/313 612/1335/313 613/1340/313
f 613/1341/314 612/1338/314 610/1337/314 611/1342/314
f 608/1328/315 610/1327/315 607/1343/315 619/1344/315
f 617/1323/316 616/1322/316 614/1334/316 615/1345/316
f 616/1322/317 608/1321/317 619/1346/317 618/1325/317
f 619/1344/318 607/1343/318 602/1298/318 603/1297/318
f 618/1325/319 619/1346/319 603/1347/319 604/1300/319
f 592/1305/320 591/1277/320 589/1280/320 585/1348/320
f 622/1349/321 621/1350/321 626/1351/321 627/1352/321
f 588/1296/322 587/1295/322 622/1353/322 623/1354/322
f 587/1290/323 586/1289/323 621/1350/323 622/1349/323
f 585/1348/324 589/1280/324 624/1282/324 620/1355/324
f 586/1276/325 585/1275/325 620/1356/325 621/1357/325
f 629/1358/326 628/1359/326 633/1360/326 634/1361/326
f 621/1362/327 620/1363/327 625/1364/327 626/1365/327
f 624/1366/328 623/1367/328 628/1359/328 629/1358/328
f 620/1355/329 624/1282/329 629/1368/329 625/1369/329
f 623/1367/330 622/1370/330 627/1371/330 628/1359/330
f 632/1372/331 631/1373/331 636/1374/331 637/1375/331
f 625/1369/332 629/1368/332 634/1376/332 630/1377/332
f 628/1359/333 627/1371/333 632/1378/333 633/1360/333
f 627/1352/334 626/1351/334 631/1373/334 632/1372/334
f 626/1365/335 625/1364/335 630/1379/335 631/1380/335
f 639/1381/336 638/1382/336 643/1383/336 644/1384/336
f 631/1385/337 630/1386/337 635/1387/337 636/1388/337
f 634/1376/338 633/1389/338 638/1390/338 639/1391/338
f 630/1377/339 634/1376/339 639/1391/339 635/1392/339
f 633/1393/340 632/1394/340 637/1395/340 638/1382/340
f 642/1396/341 641/1397/341 646/1398/341 647/1399/341
f 635/1392/342 639/1391/342 644/1400/342 640/1401/342
f 638/1382/343 637/1395/343 642/1402/343 643/1383/343
f 637/1375/344 636/1374/344 641/1397/344 642/1396/344
f 636/1388/345 635/1387/345 640/1403/345 641/1404/345
f 649/1405/346 648/1406/346 653/1407/346 654/1408/346
f 641/1409/347 640/1410/347 645/1411/347 646/1412/347
f 644/1413/348 643/1414/348 648/1406/348 649/1405/348
f 640/1401/349 644/1400/349 649/1415/349 645/1416/349
f 643/1414/350 642/1417/350 647/1418/350 648/1406/350
f 652/1419/351 651/1420/351 656/1421/351 657/1422/351
f 645/1416/352 649/1415/352 654/1423/352 650/1424/352
f 648/1406/353 647/1418/353 652/1425/353 653/1407/353
f 647/1399/354 646/1398/354 651/1420/354 652/1419/354
f 646/1412/355 645/1411/355 650/1426/355 651/1427/355
f 659/1428/356 658/1429/356 663/1430/356 664/1431/356
f 651/1427/357 650/1426/357 655/1432/357 656/1433/357
f 654/1423/358 653/1434/358 658/1435/358 659/1436/358
f 650/1424/359 654/1423/359 659/1436/359 655/1437/359
f 653/1407/360 652/1425/360 657/1438/360 658/1439/360
f 663/1430/361 662/1440/361 667/1441/361 668/1442/361
f 655/1437/362 659/1436/362 664/1443/362 660/1444/362
f 658/1429/363 657/1445/363 662/1440/363 663/1430/363
f 657/1422/364 656/1421/364 661/1446/364 662/1447/364
f 656/1448/365 655/1449/365 660/1450/365 661/1451/365
f 666/1452/366 665/1453/366 670/1454/366 671/1455/366
f 662/1447/367 661/1446/367 666/1456/367 667/1457/367
f 661/1451/368 660/1450/368 665/1453/368 666/1452/368
f 664/1431/369 663/1430/369 668/1442/369 669/1458/369
f 660/1444/370 664/1443/370 669/1459/370 665/1460/370
f 672/1461/371 671/1462/371 676/1463/371 677/1464/371
f 669/1458/372 668/1442/372 673/1465/372 674/1466/372
f 665/1460/373 669/1459/373 674/1467/373 670/1468/373
f 668/1442/374 667/1441/374 672/1469/374 673/1465/374
f 667/1457/375 666/1456/375 671/1462/375 672/1461/375
f 677/1470/376 676/1471/376 675/1472/376 679/1473/376 678/1474/376
f 671/1455/377 670/1454/377 675/1475/377 676/1476/377
f 674/1466/378 673/1465/378 678/1477/378 679/1478/378
f 670/1468/379 674/1467/379 679/1479/379 675/1480/379
f 673/1465/380 672/1469/380 677/1481/380 678/1477/380
f 14/4/381 37/3/381 38/1482/381 13/30/381
f 13/30/382 38/1482/382 40/1483/382 15/31/382
f 8/28/383 31/50/383 29/49/383 6/27/383
f 6/27/384 29/49/384 30/47/384 5/25/384
f 5/25/385 30/47/385 32/48/385 7/26/385
f 36/1484/386 685/11/386 687/9/386 34/1485/386
f 34/1485/387 687/9/387 686/5/387 33/1486/387
f 33/1486/388 686/5/388 684/8/388 35/1487/388
f 36/1488/31 39/1489/31 52/1490/31 51/1491/31
f 63/1492/389 64/1493/389 40/1494/389 35/1495/389
f 39/2/36 16/1/36 46/1496/36 52/1497/36
f 64/94/390 58/92/390 15/31/390 40/1483/390
f 53/84/391 63/83/391 35/1487/391 684/8/391
f 685/11/32 36/1484/32 51/1498/32 41/1499/32
f 28/45/38 31/50/38 50/1500/38 49/1501/38
f 61/100/392 62/99/392 32/48/392 27/42/392
f 31/50/39 8/28/39 44/1502/39 50/1500/39
f 62/99/393 56/76/393 7/26/393 32/48/393
f 60/1503/394 61/1504/394 27/1505/394 23/1506/394
f 24/46/41 28/45/41 49/1501/41 48/1507/41
f 59/1508/395 60/1503/395 23/1506/395 19/1509/395
f 20/34/33 24/38/33 48/1510/33 47/1511/33
f 58/92/396 59/88/396 19/32/396 15/31/396
f 16/1/35 20/34/35 47/1511/35 46/1496/35
f 8/28/30 11/24/30 45/1512/30 44/1502/30
f 56/76/397 57/75/397 12/19/397 7/26/397
f 11/24/37 3/23/37 43/1513/37 45/1512/37
f 57/75/398 55/96/398 4/20/398 12/19/398
f 3/16/40 681/12/40 42/1514/40 43/1515/40
f 55/1516/399 54/1517/399 680/1518/399 4/1519/399
f 681/12/34 685/11/34 41/1499/34 42/1514/34
f 54/90/400 53/84/400 684/8/400 680/7/400
f 696/1520/36 689/1521/36 691/1522/36 697/1523/36
f 697/1524/401 691/1525/401 695/1526/401 698/1527/401
f 698/1528/32 695/1529/32 693/1530/32 699/1531/32
f 699/1532/402 693/1533/402 689/1534/402 696/1535/402
f 690/1536/54 694/1537/54 692/1538/54 688/1539/54
f 695/1540/29 691/1541/29 689/1542/29 693/1543/29
f 692/1544/403 699/1532/403 696/1535/403 688/1545/403
f 694/1546/32 698/1528/32 699/1531/32 692/1547/32
f 690/1548/404 697/1524/404 698/1527/404 694/1549/404
f 688/1550/36 696/1520/36 697/1523/36 690/1551/36
f 708/1552/36 701/1553/36 703/1554/36 709/1555/36
f 709/1556/401 703/1557/401 707/1558/401 710/1559/401
f 710/1560/32 707/1561/32 705/1562/32 711/1563/32
f 711/1564/402 705/1565/402 701/1566/402 708/1567/402
f 702/1568/54 706/1569/54 704/1570/54 700/1571/54
f 707/1572/29 703/1573/29 701/1574/29 705/1575/29
f 704/1576/403 711/1564/403 708/1567/403 700/1577/403
f 706/1578/32 710/1560/32 711/1563/32 704/1579/32
f 702/1580/404 709/1556/404 710/1559/404 706/1581/404
f 700/1582/36 708/1552/36 709/1555/36 702/1583/36
f 720/1584/36 713/1585/36 715/1586/36 721/1587/36
f 721/1588/401 715/1589/401 719/1590/401 722/1591/401
f 722/1592/32 719/1593/32 717/1594/32 723/1595/32
f 723/1596/402 717/1597/402 713/1598/402 720/1599/402
f 714/1600/54 718/1601/54 716/1602/54 712/1603/54
f 719/1604/29 715/1605/29 713/1606/29 717/1607/29
f 716/1608/403 723/1596/403 720/1599/403 712/1609/403
f 718/1610/32 722/1592/32 723/1595/32 716/1611/32
f 714/1612/404 721/1588/404 722/1591/404 718/1613/404
f 712/1614/36 720/1584/36 721/1587/36 714/1615/36
f 732/1616/36 725/1617/36 727/1618/36 733/1619/36
f 733/1620/401 727/1621/401 731/1622/401 734/1623/401
f 734/1624/32 731/1625/32 729/1626/32 735/1627/32
f 735/1628/402 729/1629/402 725/1630/402 732/1631/402
f 726/1632/54 730/1633/54 728/1634/54 724/1635/54
f 731/1636/29 727/1637/29 725/1638/29 729/1639/29
f 728/1640/403 735/1628/403 732/1631/403 724/1641/403
f 730/1642/32 734/1624/32 735/1627/32 728/1643/32
f 726/1644/404 733/1620/404 734/1623/404 730/1645/404
f 724/1646/36 732/1616/36 733/1619/36 726/1647/36
f 742/1648/405 744/1649/405 746/1650/405
f 745/1651/406 743/1652/406 741/1653/406 739/1654/406 737/1655/406
f 740/1656/407 742/1657/407 746/1658/407
f 744/1649/408 736/1659/408 746/1650/408
f 739/1660/409 738/1661/409 736/1662/409 737/1663/409
f 737/1664/410 736/1665/410 744/1666/410 745/1667/410
f 738/1668/411 740/1656/411 746/1658/411
f 741/1669/412 740/1656/412 738/1668/412 739/1670/412
f 745/1671/413 744/1672/413 742/1673/413 743/1674/413
f 736/1662/414 738/1661/414 746/1675/414
f 755/1676/415 753/1677/415 747/1678/415
f 743/1674/416 742/1673/416 740/1679/416 741/1680/416
f 757/1681/417 755/1682/417 747/1683/417
f 752/1684/418 753/1677/418 755/1676/418 754/1685/418
f 750/1686/419 751/1687/419 753/1688/419 752/1689/419
f 749/1690/420 757/1681/420 747/1683/420
f 748/1691/421 749/1692/421 751/1693/421 750/1694/421
f 754/1695/422 755/1682/422 757/1681/422 756/1696/422
f 751/1697/423 749/1698/423 747/1699/423
f 748/1700/424 750/1701/424 752/1702/424 754/1703/424 756/1704/424
f 762/1705/425 764/1706/425 768/1707/425
f 767/1708/54 765/1709/54 763/1710/54 761/1711/54 759/1712/54
f 756/1713/426 757/1714/426 749/1692/426 748/1691/426
f 759/1715/427 758/1716/427 766/1717/427 767/1718/427
f 761/1719/428 760/1720/428 758/1721/428 759/1722/428
f 753/1688/429 751/1687/429 747/1723/429
f 763/1724/430 762/1705/430 760/1725/430 761/1726/430
f 767/1727/431 766/1728/431 764/1729/431 765/1730/431
f 765/1731/432 764/1706/432 762/1705/432 763/1724/432
f 764/1729/433 766/1728/433 768/1732/433
f 758/1721/434 760/1720/434 768/1733/434
f 766/1717/435 758/1716/435 768/1734/435
f 760/1725/436 762/1705/436 768/1707/436
